complaint_id,creation_date,process_date,customer_id,case_type,category,subcategory,reception_channel,affected_product_id,related_branch_id,origin_interaction_id,description,claimed_amount,currency,priority,status,assigned_agent_id,assignment_date,first_response_date,resolution_date,closing_date,sla_breached,resolution_days,resolution,compensation_granted,resolution_satisfaction,is_repeat_complainer
CMP-QOQLGAKMTG07C7H8UGL0,2026-01-14 04:45:39,2026-01-13,CLI-9T59FVDBYW30,Request,Transactions,Cargo no reconocido,Call Center,,,,Queja relacionada con transactions,,,Medium,Resolved,AGT-64BBNY40AY,2026-01-14 20:45:39,2026-01-15 23:45:39,,,False,,Se escaló a área correspondiente y se aplicó la solución definitiva.,440.35,,True
CMP-0DASLUVBOJCFA62IGVCH,2026-01-13 12:34:05,2026-01-13,CLI-P834MLIALLWM,Complaint,Branch,Atención en sucursal,Call Center,,,,Queja relacionada con branch,,,Medium,Open,,,,,,False,,,,,False
CMP-V0HYZYCUD3I4Z0R2OJBM,2026-01-14 01:07:39,2026-01-13,CLI-3JSAGRBBRZH9,Complaint,Service,Calidad de servicio,Email,PRD-VEEMYP1M90PD,SUC-YO2Y6PA3,,Queja relacionada con service,3210.22,COP,Medium,Escalated,AGT-SJLH5LUL0F,2026-01-14 22:07:39,,,,True,,,,,False
CMP-ZJR343Q62NTYGYDXGD8T,2026-01-13 23:41:20,2026-01-13,CLI-XWMSO1C0O7JG,Complaint,Service,Calidad de servicio,Web,,,,Queja relacionada con service,1723.18,ARS,Low,In Process,AGT-39JT1HU5SP,2026-01-14 14:41:20,2026-01-15 00:41:20,,,True,,,,,False
CMP-GQQ0H6JF5LU9AJIJU4YN,2026-01-14 01:14:51,2026-01-13,CLI-K5XAQHC2BIXX,Complaint,Service,Calidad de servicio,Call Center,PRD-CPA6KRKXAK0Z,SUC-Y7VHYCDG,,Queja relacionada con service,,,Medium,Resolved,AGT-ADGK54K2NI,2026-01-14 16:14:51,2026-01-15 07:14:51,2026-02-06 01:14:51,,False,,Se revisó el caso y se realizó el ajuste correspondiente en la cuenta del cliente.,,,True
CMP-H02KVQNHZFJUR5YEI3KH,2026-01-13 12:13:58,2026-01-13,CLI-D8DXDPVVV1MT,Complaint,Branch,,Call Center,,SUC-HBYNA6O6,,Queja relacionada con branch,,,High,Resolved,AGT-JNY9R22CQM,2026-01-14 11:13:58,2026-01-14 17:13:58,2026-02-09 12:13:58,,False,27.0,Se escaló a área correspondiente y se aplicó la solución definitiva.,,,False
CMP-HE74IAHYXEDBZG7HRR36,2026-01-14 02:06:22,2026-01-13,CLI-MEROAH68SRYC,Complaint,Technical,Problema con app,Web,,,,Queja relacionada con technical,,,Critical,In Process,AGT-N7VPFZC5VF,2026-01-15 01:06:22,2026-01-16 11:06:22,,,True,,,,,False
CMP-XYP7Y6KVF1VJP2LG3XM0,2026-01-14 01:08:27,2026-01-13,CLI-7PANG06NBKKC,Request,Fees,Cobro indebido,Call Center,PRD-EXXPNM9QJXUP,,,Queja relacionada con fees,,,Medium,In Process,,2026-01-14 10:08:27,2026-01-14 18:08:27,,,True,,,,,False
CMP-JJNB63PE0V7585UTY1MH,2026-01-13 12:20:09,2026-01-13,CLI-PEGRAB3HTMK6,Claim,Fees,Cobro indebido,Email,PRD-EV29LWAZU1ZJ,,,Queja relacionada con fees,1205.81,COP,High,Open,,,,,,True,,,,,False
CMP-IJGE1D3N7H1KU884AYL7,2026-01-13 23:02:54,2026-01-13,CLI-KEXATD2RWJRN,Complaint,Branch,Atención en sucursal,Call Center,,,,Queja relacionada con branch,,,Medium,Closed,AGT-LFX460UJ80,2026-01-14 23:02:54,2026-01-16 18:02:54,2026-01-22 23:02:54,2026-01-23 23:02:54,False,9.0,,,3.0,False
CMP-Z8VXNCP3I5ZDI8EV8BBF,2026-01-13 18:33:11,2026-01-13,CLI-KJSHCCU6596E,Complaint,Technical,,Email,PRD-HXJ7NNB6FR81,SUC-YZKP5AYK,,Queja relacionada con technical,616.76,,High,In Process,AGT-YDPN2UV1D2,2026-01-14 04:33:11,2026-01-14 08:33:11,,,False,,,,,False
CMP-5OJHXL8RITOH1Z9J1LQX,2026-01-14 04:13:11,2026-01-13,CLI-ZDVWWRJNL13I,Request,Transactions,Cargo no reconocido,Email,,,,Queja relacionada con transactions,,,Medium,In Process,AGT-SJB0SX5YBM,2026-01-15 04:13:11,,,,False,,,,,False
CMP-PWRZ4D06FZLHXKRSAETC,2026-01-13 22:37:03,2026-01-13,CLI-ZPNL3ZGQX29C,Claim,Service,,App,PRD-ZCQ3G9ZG5YI3,,,Queja relacionada con service,2954.72,COP,Medium,Open,,,,,,True,,,,,True
CMP-6LASS9CMTPSR23JHCJL4,2026-01-13 22:07:18,2026-01-13,CLI-2O2X3YWBMX67,Complaint,Transactions,Cargo no reconocido,Web,,,,Queja relacionada con transactions,,,Medium,In Process,AGT-VEXQ0NMZLH,2026-01-14 21:07:18,2026-01-16 06:07:18,,,False,,,,,False
CMP-564FDQML94C7LWSFEU4J,2026-01-13 16:33:22,2026-01-13,CLI-GZHSTVDI817T,Complaint,Transactions,Cargo no reconocido,Email,PRD-ZFORL33VNHWZ,,,Queja relacionada con transactions,,,Medium,In Process,AGT-HHYX8OE9JF,2026-01-14 06:33:22,2026-01-14 17:33:22,,,False,,,,,False
CMP-2YG38CV0QE4RDZ2963KV,2026-01-14 02:46:23,2026-01-13,CLI-PCV509XC8SE3,Claim,Transactions,,Web,PRD-984PMBA160LG,,,Queja relacionada con transactions,,,Low,In Process,AGT-HX94J4BGWF,2026-01-15 02:46:23,2026-01-16 17:46:23,,,True,,,,,False
CMP-2TLXPNSRUYLNLYWCFVG2,2026-01-13 19:12:53,2026-01-13,CLI-OQ7T693TEYAK,Complaint,Transactions,Cargo no reconocido,Web,,,,Queja relacionada con transactions,1175.83,COP,High,In Process,AGT-GQXD9Y0S4T,2026-01-14 15:12:53,2026-01-14 22:12:53,,,False,,,,,True
CMP-LBVWR4I14E4KAI0UT9AK,2026-01-13 19:32:30,2026-01-13,CLI-CS89R049KUP0,Complaint,Transactions,Cargo no reconocido,Web,PRD-NDJNDNH7PRQ5,,,Queja relacionada con transactions,4638.38,USD,Medium,In Process,AGT-54VUKA8638,2026-01-13 20:32:30,2026-01-15 18:32:30,,,False,,,,,False
CMP-U9EGIYAEA5GILI27XJKX,2026-01-14 01:14:14,2026-01-13,CLI-Q6P8C8IZXIL8,Complaint,Transactions,Cargo no reconocido,Call Center,PRD-GXII7JQIZ0Z0,SUC-N1ZUF3PF,,Queja relacionada con transactions,3314.23,COP,Medium,In Process,AGT-NFMDK0WJ3N,2026-01-14 23:14:14,2026-01-16 11:14:14,,,False,,,,,False
CMP-C24J7H1IN92HVOFUZ0F0,2026-01-13 08:30:34,2026-01-13,CLI-WFYGBM1CH8SR,Complaint,Service,Calidad de servicio,Call Center,PRD-QER9P9PUB58C,,,Queja relacionada con service,3336.0,USD,Low,In Process,AGT-DD88NRIADN,2026-01-13 10:30:34,2026-01-14 08:30:34,,,False,,,,,False
CMP-3UPOI9DB0XK307FLEL7T,2026-01-13 09:57:02,2026-01-13,CLI-PV93JF75X0PO,Complaint,Technical,Problema con app,Call Center,PRD-4J1HM7CI7F7L,SUC-0N077NAM,,Queja relacionada con technical,1363.75,ARS,Low,Open,,,,,,False,,,,,False
CMP-6TADHYIMS5W2G7YIEK3R,2026-01-14 05:20:50,2026-01-13,CLI-12D667VNAAH5,Complaint,Fees,Cobro indebido,Call Center,,SUC-M3Y8BT51,,Queja relacionada con fees,,,Low,Open,,,,,,False,,,,,False
CMP-GK2Q3QU0PHV692IF21VQ,2026-01-13 10:42:42,2026-01-13,CLI-SFC3FQG3SG75,Claim,Technical,Problema con app,App,PRD-V5VN1SDB1FVZ,SUC-TVNO2KL5,,Queja relacionada con technical,,,Low,In Process,AGT-3SNWBE3W3Y,2026-01-14 06:42:42,2026-01-14 09:42:42,,,False,,,,,False
CMP-HT3JSNALKYRMK0DXOP3N,2026-01-13 10:13:03,2026-01-13,CLI-21XC3K03IDUR,Claim,Branch,Atención en sucursal,Call Center,PRD-P7DWLT8LQXDD,,,Queja relacionada con branch,,,Medium,In Process,,2026-01-13 20:13:03,2026-01-15 08:13:03,,,False,,,,,False
CMP-KQX857SR79581Z325C9F,2026-01-13 15:51:36,2026-01-13,CLI-JMURB3NGHOF0,Claim,Technical,Problema con app,Email,,,,Queja relacionada con technical,,,Low,Open,,,,,,False,,,,,False
CMP-U53KJ0U7LZXUK1L00ERL,2026-01-14 03:01:58,2026-01-13,CLI-XDPHPLS9R0J4,Complaint,Fees,,Call Center,,,,Queja relacionada con fees,,,Low,In Process,AGT-FQEW7VBTN5,2026-01-14 11:01:58,2026-01-16 08:01:58,,,True,,,,,False
CMP-T86H4LCQJBYTA3FXOPIW,2026-01-13 10:59:27,2026-01-13,CLI-9ITFCO878VYU,Request,Technical,Problema con app,Web,,SUC-Q56PLH2J,,Queja relacionada con technical,,,Medium,Open,,,,,,False,,,,,True
CMP-GYUB8D0I3AMRZR68J2RI,2026-01-13 16:04:29,2026-01-13,CLI-FLN37G8THN6K,Complaint,Technical,Problema con app,Web,PRD-YIQCV7KL0Q4L,SUC-V3V4T7QO,,Queja relacionada con technical,,ARS,Medium,Escalated,AGT-EI5HV76G6F,2026-01-14 05:04:29,,,,False,,,,,False
CMP-8IS1CO4AJCKMM6YFHF6F,2026-01-13 19:13:58,2026-01-13,CLI-26ZSMP3AS6GY,Claim,Technical,,Call Center,,,,Queja relacionada con technical,,,Medium,In Process,AGT-DDPUZDGTDB,2026-01-13 22:13:58,2026-01-14 19:13:58,,,False,,,,,False
CMP-9XGG5EETPWG3ROJUD7TQ,2026-01-13 15:26:51,2026-01-13,CLI-XQ6Y3V5C35UJ,Complaint,Transactions,Cargo no reconocido,Web,PRD-MICZ6KEUO45M,,,Queja relacionada con transactions,,,Medium,Resolved,AGT-ERBZDOFKYX,2026-01-13 22:26:51,2026-01-15 13:26:51,2026-02-04 15:26:51,,False,22.0,Se otorgó compensación al cliente por las molestias ocasionadas.,,,True
CMP-3AG4ZAK4FSCRK9HS669R,2026-01-13 14:29:02,2026-01-13,CLI-LKE93OIARNBL,Request,Technical,Problema con app,Call Center,,,,Queja relacionada con technical,,,Low,In Process,AGT-7U616EYKJ3,2026-01-14 01:29:02,2026-01-15 02:29:02,,,False,,,,,False
CMP-CW9T5YBXRTGTUGLZF4J0,2026-01-14 01:51:00,2026-01-13,CLI-34IDSBRVLKWG,Complaint,Fees,Cobro indebido,Web,PRD-BEHI3KTWT435,SUC-FV69BGCV,,Queja relacionada con fees,136.72,USD,Low,Open,,,,,,False,,,,,True
CMP-3TG8IS4RUKMAVHQO2O64,2026-01-13 08:45:22,2026-01-13,CLI-XB2MDAWYMDSM,Claim,Fees,Cobro indebido,Call Center,PRD-E69YCVADI1JQ,SUC-EHE8V9YO,,Queja relacionada con fees,,,Low,Resolved,AGT-HGVZ3WILY5,2026-01-13 10:45:22,2026-01-15 07:45:22,2026-01-29 08:45:22,,True,16.0,Se otorgó compensación al cliente por las molestias ocasionadas.,,,False
CMP-MP1VQDB78CP9OPFPVV7V,2026-01-13 23:49:45,2026-01-13,CLI-Q4SQMV08EOS1,Complaint,Technical,Problema con app,Call Center,,,,Queja relacionada con technical,,,Low,In Process,AGT-E9ZVJ2OXIN,,2026-01-15 10:49:45,,,False,,,,,False
CMP-S80KKFROCNGSTRKEFPA7,2026-01-13 18:56:54,2026-01-13,CLI-203JNWUF15N0,Request,Fees,Cobro indebido,Call Center,,,,Queja relacionada con fees,,,Low,In Process,AGT-S448G59QZX,2026-01-14 12:56:54,2026-01-15 07:56:54,,,False,,,,,False
CMP-CWKXF2S7F58VUWVBDT5A,2026-01-13 09:12:38,2026-01-13,CLI-EVSQXMFSR3WJ,Complaint,Transactions,Cargo no reconocido,Branch,PRD-OXGEHDGH5G81,,,Queja relacionada con transactions,4917.47,MXN,Low,In Process,AGT-3B0N077NAM,2026-01-13 16:12:38,2026-01-13 19:12:38,,,False,,,,,False
CMP-ZKKKB42Q1YYRG6B74X4A,2026-01-13 10:47:58,2026-01-13,CLI-YPFSHURDBKDT,Claim,Service,Calidad de servicio,Call Center,PRD-RVRRLLR99TEY,,,Queja relacionada con service,,,Low,Open,,,,,,False,,,,,False
CMP-9QRK0PCRS6Q8KMXRLLJ3,2026-01-13 20:25:17,2026-01-13,CLI-RAL3JNAXTDUP,Claim,Service,Calidad de servicio,App,PRD-DQXQTME9A8OI,SUC-7ZY1HPL0,,Queja relacionada con service,,,High,Closed,AGT-PL88YJFM3Q,2026-01-13 21:25:17,2026-01-15 21:25:17,2026-01-21 20:25:17,2026-01-27 20:25:17,True,8.0,Se otorgó compensación al cliente por las molestias ocasionadas.,247.94,2.0,False
CMP-9XCSQ6TAJXTUTIO9GGJ2,2026-01-13 18:27:46,2026-01-13,CLI-IRA0SP7DDU2P,Request,Service,Calidad de servicio,Web,,,,Queja relacionada con service,,,Medium,In Process,,2026-01-14 02:27:46,2026-01-15 10:27:46,,,True,,,,,False
CMP-9XF49ZM1FR8EMEL9MWCP,2026-01-13 09:09:47,2026-01-13,CLI-1ML5DYZKHF9F,Claim,Fees,Cobro indebido,Call Center,PRD-YWHPJX1YKML6,SUC-FF1CG8O5,,Queja relacionada con fees,4698.24,ARS,High,Open,,,,,,False,,,,,False
CMP-VORR361YPBCGUOUL0FQG,2026-01-14 04:36:36,2026-01-13,CLI-27QH2ZOOFNH4,Claim,Fees,Cobro indebido,Email,,SUC-6RHR3MME,,Queja relacionada con fees,,,Medium,In Process,AGT-R0C8IKREWX,2026-01-14 17:36:36,2026-01-15 01:36:36,,,False,,,,,False
CMP-C9EYGGMDMHP012WI6TMN,2026-01-13 08:01:30,2026-01-13,CLI-UL4J71RMH3XE,Complaint,Technical,Problema con app,Email,PRD-57IJ1VP0JYT1,,,Queja relacionada con technical,986.02,ARS,Low,Resolved,AGT-FUELK2I3I7,2026-01-13 17:01:30,2026-01-14 08:01:30,2026-01-19 08:01:30,,True,6.0,Se brindó explicación detallada al cliente y se resolvió la situación.,434.18,,False
CMP-DXPRIA8HMM38KUUE58QH,2026-01-13 13:33:37,2026-01-13,CLI-C2J1P3LFRH7Q,Claim,Transactions,Cargo no reconocido,Call Center,PRD-73D70KM60BR6,,,Queja relacionada con transactions,4715.97,COP,Medium,In Process,AGT-1ZSO508WOH,2026-01-14 04:33:37,2026-01-16 04:33:37,,,False,,,,,False
CMP-3JS4UIFOOTZ4NJWWK7F6,2026-01-13 12:55:33,2026-01-13,CLI-NHRMI1R95TF2,Complaint,Transactions,Cargo no reconocido,Call Center,PRD-S1XB2EQMWWW3,,,Queja relacionada con transactions,,,Medium,Open,,,,,,False,,,,,False
CMP-88QOXS1CQU0KLW1719U9,2026-01-13 20:41:11,2026-01-13,CLI-YWECOBLVG14Y,Complaint,Service,Calidad de servicio,Email,,SUC-YO2Y6PA3,,Queja relacionada con service,,,Critical,In Process,AGT-POXBE49GFN,2026-01-14 08:41:11,2026-01-14 23:41:11,,,False,,,,,False
CMP-8ASRXPW7PDHLLDYJDXTO,2026-01-14 07:56:28,2026-01-13,CLI-8D5XSVGGW4OS,Complaint,Fees,Cobro indebido,Call Center,PRD-AARMLZ9MV7QC,,,Queja relacionada con fees,,,Medium,In Process,AGT-B6KQJ1GE8L,2026-01-14 15:56:28,2026-01-15 00:56:28,,,False,,,,,False
CMP-1J5XWE213SF7MJBD6OOI,2026-01-13 21:13:16,2026-01-13,CLI-LT8B7YALQK3C,Complaint,Fees,Cobro indebido,Call Center,PRD-VOQ17W9V13X7,,,Queja relacionada con fees,,,Medium,In Process,AGT-VJO068ZKEB,2026-01-13 22:13:16,2026-01-15 15:13:16,,,False,,,,,True
CMP-C1C5QEZP9UCF8TW5858T,2026-01-14 03:26:54,2026-01-13,CLI-1RTRBIWLM8MF,Complaint,Fees,Cobro indebido,Call Center,PRD-A7U0EPYW3YVZ,,,Queja relacionada con fees,,,Low,Open,,,,,,False,,,,,False
CMP-K0GT1N2GPHX58ABK86J1,2026-01-14 00:38:21,2026-01-13,CLI-LRAQJPMTXQ00,Complaint,Transactions,Cargo no reconocido,Call Center,PRD-BMM7ID5PY9RG,SUC-M3Y8BT51,,Queja relacionada con transactions,,,Medium,In Process,AGT-I91223U4EN,2026-01-14 14:38:21,2026-01-16 13:38:21,,,False,,,,,False
CMP-G4VKEQQGE1RF3I5KEBO1,2026-01-14 00:54:37,2026-01-13,CLI-J83Y9CBN91IW,Complaint,Technical,Problema con app,App,,SUC-4HF4J8KO,,Queja relacionada con technical,,,Low,Closed,AGT-5UL7ZJRT6U,2026-01-14 04:54:37,2026-01-15 07:54:37,2026-01-26 00:54:37,2026-02-01 00:54:37,False,12.0,Se revisó el caso y se realizó el ajuste correspondiente en la cuenta del cliente.,434.42,1.0,False
CMP-PWF4ZDJSULVQYJWHO2AO,2026-01-14 02:24:15,2026-01-13,CLI-QH7F3ES89UAH,Complaint,Service,Calidad de servicio,Email,PRD-LFO3N3RJC7BU,,,Queja relacionada con service,,,Medium,In Process,AGT-RL5EQ6KNBS,2026-01-15 01:24:15,2026-01-16 01:24:15,,,True,,,,,False
CMP-I9Z10DLQO8P06PLI9SFJ,2026-01-13 13:35:46,2026-01-13,CLI-C5TPZ6EM2SBT,Request,Fees,Cobro indebido,Web,PRD-4BW1CSRY5F7Y,,,Queja relacionada con fees,,,Medium,Resolved,AGT-MCGNTSXO28,2026-01-13 18:35:46,2026-01-14 06:35:46,2026-02-07 13:35:46,,False,25.0,,,,False
CMP-5712TFCWC51JXQE4DL9C,2026-01-13 15:57:03,2026-01-13,CLI-76UBCZSKUJGE,Complaint,Transactions,Cargo no reconocido,Call Center,PRD-YVS2QQOYHT9S,,,Queja relacionada con transactions,2579.64,ARS,Medium,Open,,,,,,False,,,,,False
CMP-PRHMCM242MZB47JBOAAJ,2026-01-14 01:58:45,2026-01-13,CLI-NC26BMR2PYG5,Complaint,Transactions,Cargo no reconocido,Call Center,PRD-80MJYYYQPX31,SUC-U7NNFMS6,,Queja relacionada con transactions,,,Medium,In Process,AGT-9K4W87HK9Z,2026-01-14 13:58:45,2026-01-14 15:58:45,,,False,,,,,False
CMP-QKOZA0DQCG45B8KF932D,2026-01-14 03:18:08,2026-01-13,CLI-YFR6KZNKUB88,Complaint,Service,Calidad de servicio,Call Center,,,,Queja relacionada con service,,,Medium,In Process,AGT-6RJU5Z1O8U,2026-01-14 12:18:08,2026-01-16 05:18:08,,,False,,,,,False
CMP-TVN5GG5F4R9F4XNGRBAC,2026-01-14 07:53:20,2026-01-13,CLI-WG0XE192M8WW,Request,Technical,Problema con app,Web,PRD-DLNNR8IX0KSS,SUC-GKQAVGPP,,Queja relacionada con technical,,,High,In Process,AGT-RE07DENY5A,2026-01-14 23:53:20,2026-01-16 12:53:20,,,False,,,,,False
CMP-YIGKG60SWRC4TK4LK5ST,2026-01-14 06:30:27,2026-01-13,CLI-4ZM678YBEM4U,Complaint,Transactions,Cargo no reconocido,Email,PRD-UQJLM5GMO5QM,,,Queja relacionada con transactions,,,Medium,Open,,,,,,False,,,,,False
CMP-IYCW53K8PHO4CQK5VJZS,2026-01-14 04:18:48,2026-01-13,CLI-ZBVT6T1HSC8L,Complaint,Service,Calidad de servicio,Call Center,PRD-JBM08GY193GR,SUC-PJ6NDQ6K,,Queja relacionada con service,,,Low,In Process,AGT-PI0J3ZNGEF,2026-01-14 07:18:48,2026-01-14 23:18:48,,,False,,,,,False
CMP-YPV4L4EC5WTDSDKW3489,2026-01-14 03:02:04,2026-01-13,CLI-ATJNR8W62VKY,Complaint,Branch,Atención en sucursal,Email,,SUC-X7W6C3UX,,Queja relacionada con branch,1369.63,COP,Medium,In Process,AGT-CZXFOSPZWG,2026-01-14 18:02:04,2026-01-16 09:02:04,,,False,,,,,False
CMP-HCSS3CWVW7963GCLRDIW,2026-01-13 15:49:04,2026-01-13,CLI-QHM9LJNF0BLL,Complaint,Technical,Problema con app,Call Center,PRD-Z8CNSENJ9JHE,,,Queja relacionada con technical,,,Medium,Resolved,AGT-8GZ4DPZ9DX,2026-01-14 05:49:04,2026-01-15 10:49:04,2026-01-20 15:49:04,,False,7.0,Se otorgó compensación al cliente por las molestias ocasionadas.,,,False
CMP-IU2YG8SEDXP7H8JIUA8K,2026-01-14 03:27:51,2026-01-13,CLI-EHQHOJMNUSKN,Complaint,Transactions,,Call Center,,SUC-ZVFW3M23,,Queja relacionada con transactions,3610.72,MXN,Low,Open,,,,,,False,,,,,False
CMP-Y4UTMSEIRXJRD7BXDP1U,2026-01-14 06:18:49,2026-01-13,CLI-I8QYJB2FCH5Q,Complaint,Technical,Problema con app,Email,PRD-8D4PT7AD7FBO,,,Queja relacionada con technical,,,Medium,Resolved,AGT-O5RS2730K1,2026-01-14 10:18:49,2026-01-15 11:18:49,2026-02-01 06:18:49,,False,18.0,Se verificó la información y se procedió con la corrección solicitada.,225.36,,False
CMP-BGFZRY1OPMXUAYHT75SG,2026-01-13 13:22:04,2026-01-13,CLI-ADNCX49XQ7EU,Claim,Service,Calidad de servicio,Call Center,PRD-VG67YO1ZVE9S,,,Queja relacionada con service,,,Low,In Process,AGT-ZVS0XWYET1,2026-01-14 10:22:04,2026-01-14 19:22:04,,,False,,,,,False
CMP-5BCSO57W3Q3LW10YR8FU,2026-01-13 15:05:25,2026-01-13,CLI-GDZ7G06TVAI3,Complaint,Transactions,Cargo no reconocido,Web,PRD-SCCVYA1NUHWW,,,Queja relacionada con transactions,1073.74,MXN,Medium,In Process,,2026-01-13 16:05:25,2026-01-15 01:05:25,,,False,,,,,False
CMP-GITH43VSXT1SBWIINSCZ,2026-01-13 11:18:24,2026-01-13,CLI-3VUSIU3JLIY0,Claim,Fees,,Web,,,,Queja relacionada con fees,,,Medium,Open,,,,,,False,,,,,False
CMP-98XSV3ZNHALCOQ9VIG5E,2026-01-13 19:43:21,2026-01-13,CLI-U2CYMBMHOJRI,Complaint,Transactions,Cargo no reconocido,Web,,,,Queja relacionada con transactions,1958.05,COP,Medium,Open,,,,,,False,,,,,False
CMP-8SLX9FM5RGKULLSFOBPE,2026-01-13 12:03:45,2026-01-13,CLI-T9OEQJEMYS7S,Complaint,Service,,Email,PRD-E0C1NMUI92OJ,SUC-C28AFJAZ,,Queja relacionada con service,,,Medium,In Process,AGT-HYDP944R1T,2026-01-13 17:03:45,2026-01-14 14:03:45,,,False,,,,,False
CMP-HU5VZZRD136YWJ3OO746,2026-01-13 18:22:40,2026-01-13,CLI-2E3SRA0BT849,Complaint,Service,Calidad de servicio,Call Center,,,,Queja relacionada con service,1031.62,COP,Low,Open,,,,,,False,,,,,False
CMP-JLF5Q59NJWV567SGNPK8,2026-01-13 09:37:33,2026-01-13,CLI-91QMGAN1RI50,Complaint,Transactions,Cargo no reconocido,Call Center,PRD-35UDRBN8JXCQ,,,Queja relacionada con transactions,,,Medium,In Process,AGT-JNTD5SX4WB,2026-01-13 22:37:33,2026-01-15 00:37:33,,,True,,,,,True
CMP-UN0CORK0TPGMQY8RM4WF,2026-01-14 07:11:59,2026-01-13,CLI-LP09RT7L9Y02,Claim,Transactions,Cargo no reconocido,Call Center,PRD-45V9S2345MGS,SUC-6A2UBEHN,,Queja relacionada con transactions,,,Medium,In Process,AGT-2VV2VCM1M0,2026-01-14 18:11:59,2026-01-16 18:11:59,,,False,,,,,False
CMP-IJF5UVHRIJTQLXMVEXLR,2026-01-13 10:33:06,2026-01-13,CLI-QRL5E05JY348,Complaint,Service,Calidad de servicio,Web,PRD-DT7OI1HI9JBY,,,Queja relacionada con service,,,Medium,In Process,AGT-XJKBDG6BI7,2026-01-13 23:33:06,2026-01-14 23:33:06,,,False,,,,,False
