interaction_id,interaction_date,process_date,customer_id,agent_id,interaction_type,channel,contact_reason,reason_category,duration_seconds,wait_time_seconds,was_resolved,requires_followup,detected_sentiment,sentiment_score,customer_detected_accent,agent_used_accent,was_escalated,mentioned_products,has_transcript,has_recording
INT-TXX257WQ8YCGCRJO,2026-03-22 02:14:56,2026-03-21,CLI-QM8NT1J4AUHC,AGT-Y9F01ICSEJ,Email,Email,Producto,Producto,,,True,False,Neutral,-0.23,,,False,,False,False
INT-T0ZX926AADTAAC8H,2026-03-21 21:49:32,2026-03-21,CLI-443MHWE78S46,AGT-2F6DCW7N6Q,Inbound Call,Phone,Producto,Producto,227.0,178.0,True,False,Muy Positivo,0.87,mexican,colombian,False,,False,True
INT-PNHPG1POGDVOGWVD,2026-03-22 02:59:55,2026-03-21,CLI-CX31ET24WPTC,AGT-UKN1ENEVJZ,Chat,Web Chat,Técnico,Técnico,,,True,False,Negativo,-0.64,,,False,,True,False
INT-JUEBTJKXHOENQV0Z,2026-03-21 18:42:57,2026-03-21,CLI-HUY1FNSLTA7E,AGT-3KFF618LI2,Inbound Call,Phone,Transaccional,Transaccional,176.0,244.0,True,False,Neutral,-0.24,colombian,colombian,False,"PRD-4G5MD56MKO37,PRD-P0DBBNH8HW32",True,True
INT-EOX1TAR2G2ZTA4OB,2026-03-21 18:56:33,2026-03-21,CLI-X7UF0P0F8N4O,AGT-0Q4Z4AE9P2,Inbound Call,Phone,Queja,Queja,421.0,145.0,False,True,Muy Negativo,-0.94,mexican,mexican,False,,False,True
INT-BFWTC0U2V6N8E2IX,2026-03-21 21:47:05,2026-03-21,CLI-0EYYM2YUMAH1,AGT-KE2SZIG08B,Video,App,Producto,Producto,222.0,,True,False,Neutral,0.01,mexican,mexican,False,,False,True
INT-IUFQZ4NVREJVBB45,2026-03-21 19:50:47,2026-03-21,CLI-CLPZ6F61EVD0,AGT-E0B7SL6ZCI,Inbound Call,Phone,Transaccional,Transaccional,310.0,57.0,True,False,Neutral,-0.28,,,False,,False,True
INT-30ZK6XX7OAX2JHNV,2026-03-22 03:30:10,2026-03-21,CLI-JQG9VR343LOD,AGT-14RK669CGW,Inbound Call,Phone,Transaccional,Transaccional,436.0,135.0,False,True,Neutral,0.24,,,False,,True,True
INT-T49ZPASGZUBSSDKU,2026-03-21 12:25:59,2026-03-21,CLI-CA8A70H3CCVF,AGT-ZKZMQJ4VSL,Inbound Call,Phone,Técnico,Técnico,412.0,74.0,True,False,Negativo,-0.44,mexican,mexican,False,PRD-SW65JMLEC49Q,False,True
INT-77LC4BR42BXGTJ7A,2026-03-21 16:26:05,2026-03-21,CLI-LXR3JD47PGCL,AGT-OU7FAUBSD0,Inbound Call,Phone,Transaccional,Transaccional,252.0,149.0,True,False,Neutral,0.26,argentine,argentine,False,,False,True
INT-ZU8SGK2XMGTJ32TP,2026-03-22 07:53:30,2026-03-21,CLI-3JK7U3VVG45K,AGT-Y0QWOVC870,Outbound Call,Phone,Queja,Queja,648.0,,False,True,Positivo,0.38,mexican,mexican,False,,False,True
INT-BRH71ZSYEZHP5OBX,2026-03-22 05:08:40,2026-03-21,CLI-XGZGH4OYEQRJ,AGT-DHXTM6VCSZ,Inbound Call,Phone,Producto,Producto,384.0,176.0,True,False,Neutral,0.02,mexican,mexican,False,,False,True
INT-3BX7MKCWOQXY3VWZ,2026-03-21 08:12:00,2026-03-21,CLI-XH16QS2IY7JS,AGT-J639PQ85HC,Inbound Call,Phone,Transaccional,Transaccional,219.0,85.0,True,True,Neutral,0.19,colombian,colombian,False,"PRD-ER1XX7LZYM1P,PRD-5OJ2L8EORDW9",False,True
INT-HBHFNXJG998KFAPU,2026-03-21 18:58:15,2026-03-21,CLI-ZOLLAVISCN47,AGT-R9OEJVZ74S,Inbound Call,Phone,Producto,Producto,129.0,176.0,True,False,Neutral,0.1,argentine,argentine,False,"PRD-O20MJTDIR8UZ,PRD-ZL6AU223LKKM",False,True
INT-KNI6A53QMJJ7B40X,2026-03-22 03:06:58,2026-03-21,CLI-39LKI1MKC0F0,AGT-VRI9ZS84KO,Outbound Call,Phone,Transaccional,Transaccional,382.0,,True,True,Neutral,-0.23,mexican,mexican,False,,False,True
INT-O92L6SG9GKODAJ4W,2026-03-21 13:38:29,2026-03-21,CLI-6NDMBA62SMZ5,AGT-R9SF4CABC3,Inbound Call,Phone,Técnico,Técnico,391.0,64.0,True,False,Positivo,0.42,,,False,"PRD-2LECQFD5FNPX,PRD-IX0AHHPVB7OI,PRD-SRSODKCW6Y64",True,True
INT-NP504KZ8TGE4BQA9,2026-03-21 10:34:03,2026-03-21,CLI-XWK97NQ7CJTS,AGT-GJ089YSJS0,Email,Email,Transaccional,Transaccional,,,True,False,Neutral,-0.11,colombian,colombian,False,"PRD-OF6XFLDK98R6,PRD-1DDQ7D9KBKRK,PRD-9CTV4V86DZAW",True,False
INT-7CB7L91Y3V57JTIN,2026-03-21 19:41:06,2026-03-21,CLI-0STQ567RZOTV,AGT-1SD8N8Y4VV,Outbound Call,Phone,Queja,Queja,634.0,,False,True,Muy Negativo,-0.72,colombian,colombian,False,,True,True
INT-XQH4IXWE7OGAGKA3,2026-03-21 17:44:04,2026-03-21,CLI-TIV4M09DDMQD,AGT-29JHQCW7PX,Inbound Call,Phone,Producto,Producto,224.0,15.0,False,True,Negativo,-0.65,mexican,mexican,False,PRD-UBZJ35X4LKB6,False,True
INT-D1EFADFEOQNY5CFD,2026-03-21 19:02:23,2026-03-21,CLI-YV9CR1FC9Y0S,AGT-Z1LLS9S26G,Inbound Call,Phone,Queja,Queja,535.0,253.0,True,False,Neutral,-0.09,mexican,mexican,False,,False,True
INT-8Z39BY3LF4TBLIYH,2026-03-21 19:16:45,2026-03-21,CLI-LGVFXQUDSLN2,AGT-J6HJ50RRFC,Inbound Call,Phone,Técnico,Técnico,124.0,143.0,False,True,Muy Negativo,-0.94,,,False,,False,True
INT-T9VH8DZBOEY336D7,2026-03-21 18:13:13,2026-03-21,CLI-TZ1U4DESEG2V,AGT-6XP3TGQ4QT,Inbound Call,Phone,Transaccional,Transaccional,203.0,130.0,True,False,Neutral,-0.23,mexican,mexican,False,,False,True
INT-FOPV9V2NK4OTH3T3,2026-03-22 00:37:55,2026-03-21,CLI-RVP3XOITITHL,AGT-BNSM435UTT,Outbound Call,Phone,Comercial,Comercial,608.0,,False,True,Positivo,0.7,,,True,,False,True
INT-4YV44AA3ZVE7C9G6,2026-03-22 01:48:13,2026-03-21,CLI-GQOQOXOBZQRD,AGT-C2WNAD4Y8J,Outbound Call,Phone,Transaccional,Transaccional,145.0,,True,False,Neutral,0.18,mexican,argentine,False,,True,True
INT-7GI50A9A3BZXRJVE,2026-03-22 04:52:22,2026-03-21,CLI-FTRERN1Q74SF,AGT-I91223U4EN,Inbound Call,Phone,Producto,Producto,236.0,72.0,True,False,Neutral,0.17,argentine,argentine,False,,False,True
INT-U6ID8QZJWURDFZIP,2026-03-22 04:00:11,2026-03-21,CLI-OWJHH7882EBT,AGT-XKNA4UGMBW,Inbound Call,Phone,Transaccional,Transaccional,298.0,48.0,True,False,Neutral,-0.18,argentine,mexican,False,,False,True
INT-TXF917BW0T6YR8CF,2026-03-22 00:35:50,2026-03-21,CLI-SAC5U6CR7LW3,AGT-ERBZDOFKYX,Inbound Call,Phone,Transaccional,Transaccional,138.0,161.0,True,False,Neutral,0.19,argentine,colombian,False,,False,True
INT-G3P5SPLQFW9D5J59,2026-03-22 05:32:45,2026-03-21,CLI-I9T1JB37R0D4,AGT-824XMWYTET,Chat,Web Chat,Transaccional,Transaccional,,,True,False,Neutral,-0.02,mexican,mexican,False,"PRD-YC62S4OI5ZDK,PRD-TASBOXMNFTFD",True,False
INT-OVL7YDXYY6IMUPG9,2026-03-21 20:48:37,2026-03-21,CLI-Y6M9ACIC4X3Z,AGT-GJ9LKR80FA,Chat,WhatsApp,Transaccional,Transaccional,,,True,False,Neutral,0.16,colombian,colombian,False,,False,False
INT-NBSHE6U415VA4FAM,2026-03-22 05:54:15,2026-03-21,CLI-1FFBB94BWI8T,AGT-MONXUP4C6Q,Inbound Call,Phone,Transaccional,Transaccional,235.0,78.0,True,False,Neutral,0.07,,,False,,False,True
INT-AGBNP42M67PSRUM8,2026-03-22 02:23:02,2026-03-21,CLI-W9TYF60TL4E9,AGT-9GJ09FFYE4,Chat,WhatsApp,Producto,Producto,,,True,False,Neutral,0.25,colombian,colombian,False,,False,False
INT-B8JARPO13YQPOXLC,2026-03-21 17:35:27,2026-03-21,CLI-X8QIUWVV5O58,AGT-J1ZNN0OFDJ,Outbound Call,Phone,Técnico,Técnico,356.0,,False,True,Neutral,-0.08,argentine,argentine,False,,False,True
INT-DKTSKQ1L4LAL02IM,2026-03-21 23:36:53,2026-03-21,CLI-JWD8Q3PWD1Q2,AGT-FL833OQDNH,Chat,Web Chat,Transaccional,Transaccional,,,True,False,Neutral,-0.08,,,False,,False,False
INT-UTKRBUWSM899YZLF,2026-03-22 01:03:46,2026-03-21,CLI-B2H5XMU2OS4J,AGT-6XP3TGQ4QT,Inbound Call,Phone,Producto,Producto,343.0,0.0,True,True,Muy Positivo,0.73,mexican,mexican,False,,False,True
INT-24ASWF6KI8CN2ZEO,2026-03-22 03:12:09,2026-03-21,CLI-N4MUPTU0HYM3,AGT-3F5II193NQ,Inbound Call,Phone,Técnico,Técnico,380.0,106.0,False,True,Neutral,0.2,,,False,"PRD-60ZF00YQHSG0,PRD-N49W3S2JE9M6,PRD-K1K397QPVPKR",True,True
INT-7MJOCMGV9XVN81DY,2026-03-21 11:05:12,2026-03-21,CLI-1ABWOMKILUT1,AGT-B037R3NAN1,Inbound Call,Phone,Queja,Queja,545.0,141.0,True,False,Neutral,-0.29,colombian,colombian,False,,False,True
INT-3V0GBBN1VSEBIJWQ,2026-03-21 15:20:18,2026-03-21,CLI-LQ4PJLTTNG6O,AGT-L0V4XUS6HH,Inbound Call,Phone,Técnico,Técnico,293.0,114.0,True,False,Neutral,-0.16,mexican,mexican,True,,False,True
INT-OMSJZVMKF5T7NE49,2026-03-21 08:22:48,2026-03-21,CLI-KBSF60L7U332,AGT-6RJU5Z1O8U,Email,Email,Transaccional,Transaccional,,,True,False,Neutral,0.18,mexican,mexican,False,"PRD-7B2VCFXVSRLD,PRD-5ZRRL96XN93P,PRD-FI3XXR6TJ0ZN",False,False
INT-K53ODEUOAWOZ2GDC,2026-03-21 09:56:09,2026-03-21,CLI-CXG2AX2IB0PY,AGT-4EBSCOM63S,Inbound Call,Phone,Producto,Producto,383.0,47.0,True,False,Neutral,0.27,mexican,mexican,False,,False,True
INT-YOXSWM9K7QBW5TE9,2026-03-22 01:21:47,2026-03-21,CLI-UH4EZ8LGGF14,AGT-MQJMFM7L5Y,Inbound Call,Phone,Producto,Producto,316.0,0.0,True,False,Neutral,-0.24,mexican,mexican,False,,False,True
INT-VJ286WKBZV0QV0KL,2026-03-21 18:26:43,2026-03-21,CLI-6EMQ9URQ265F,AGT-WCPI68FFI5,Email,Email,Producto,Producto,,,False,True,Neutral,0.26,mexican,mexican,False,,False,False
INT-26QF02HNV7EGQ7YQ,2026-03-21 09:18:38,2026-03-21,CLI-HQJXRQQOXWSU,AGT-1YXVT0O4G0,Inbound Call,Phone,Transaccional,Transaccional,202.0,178.0,True,True,Neutral,-0.13,mexican,mexican,False,PRD-65YF5ITE2T36,False,True
INT-0SSBTFG0R8RM0XTJ,2026-03-21 11:32:54,2026-03-21,CLI-EA46QIX92E7R,AGT-AAM9ILQP8J,Inbound Call,Phone,Técnico,Técnico,441.0,21.0,False,True,Negativo,-0.7,mexican,mexican,False,,False,True
INT-8IZ4LF8QR2CQE4EO,2026-03-21 15:19:20,2026-03-21,CLI-SG1WC9UNML4E,AGT-MSMPY4CS16,Inbound Call,Phone,Transaccional,Transaccional,526.0,86.0,True,False,Neutral,0.14,mexican,colombian,False,,True,True
INT-N57TTX0KKTFCO1U9,2026-03-22 00:58:28,2026-03-21,CLI-X0ZW46Z3I942,AGT-L2GBNN6LWM,Inbound Call,Phone,Producto,Producto,119.0,125.0,True,False,Neutral,0.03,mexican,mexican,False,,False,True
INT-OM8EBAH9GQSNOLPW,2026-03-21 14:09:03,2026-03-21,CLI-2YIBMMKGLQLK,AGT-WI5ZDHCEPB,Inbound Call,Phone,Producto,Producto,240.0,80.0,True,False,Positivo,0.59,argentine,argentine,False,,False,True
INT-179NQ9EVCZKMU9F5,2026-03-22 04:07:03,2026-03-21,CLI-EVBJ6W5B08C8,AGT-KU6FVZPQSV,Chat,App,Queja,Queja,,,False,True,Negativo,-0.48,mexican,mexican,False,"PRD-7S57VTUT02BZ,PRD-J9816A4RBOGK",True,False
INT-IL4RAZ6LUNTWNIM3,2026-03-21 17:31:47,2026-03-21,CLI-DZUP5OR2JEJT,AGT-DTKGR8AYST,Outbound Call,Phone,Transaccional,Transaccional,245.0,,True,False,Neutral,0.22,,,False,,False,True
INT-THWNBNCCFBDS3KJD,2026-03-22 04:56:00,2026-03-21,CLI-ODJXZF0KD95J,AGT-YMZKRGSJNL,Inbound Call,Phone,Producto,Producto,328.0,162.0,True,True,Neutral,0.18,,,False,"PRD-UTHJW1UXUL5P,PRD-YOHRP58DO3DS",True,True
INT-IPUJE1W3QRJ2XH7Z,2026-03-22 06:07:11,2026-03-21,CLI-1R24V89M5P6A,AGT-VRI9ZS84KO,Inbound Call,Phone,Queja,Queja,482.0,116.0,False,True,Negativo,-0.62,mexican,mexican,True,,False,True
INT-JICS8RA8BL8OBAWI,2026-03-21 23:38:13,2026-03-21,CLI-TKT21Q54HUFF,AGT-0HU6VYEZG9,Inbound Call,Phone,Transaccional,Transaccional,196.0,158.0,True,False,Neutral,-0.13,mexican,mexican,False,"PRD-10V5F0W0CH84,PRD-XOO27PVTSV27",False,True
INT-9BKC8FVNHO68STT7,2026-03-22 02:59:00,2026-03-21,CLI-W47YHXAAWSRX,AGT-Z7U0LOAHW9,Inbound Call,Phone,Producto,Producto,244.0,161.0,True,False,Positivo,0.58,mexican,mexican,False,PRD-N27WX0W71WQU,False,True
INT-TN5340F480A5MEJ3,2026-03-21 11:09:24,2026-03-21,CLI-R0K9VJZQJP5E,AGT-O5RS2730K1,Inbound Call,Phone,Queja,Queja,469.0,3.0,False,True,Negativo,-0.47,mexican,mexican,False,,False,True
INT-FAY8KUAAK60R4VZM,2026-03-21 09:42:03,2026-03-21,CLI-5RZVZXFLRN5S,AGT-CTUYD8XUXN,Inbound Call,Phone,Producto,Producto,284.0,84.0,True,True,Negativo,-0.49,colombian,colombian,False,,False,True
INT-Y0FLF9QIJJR0YS1D,2026-03-22 06:23:39,2026-03-21,CLI-8G3CPJLHCCK5,AGT-FA8XFVJ1ZU,Inbound Call,Phone,Transaccional,Transaccional,195.0,106.0,True,False,Neutral,0.05,mexican,mexican,False,,False,True
INT-CHSEZGL8W00C6EAF,2026-03-21 15:10:44,2026-03-21,CLI-WJK2C0OQY3HQ,AGT-HGVZ3WILY5,Inbound Call,Phone,Transaccional,Transaccional,209.0,78.0,True,False,Neutral,0.2,mexican,mexican,False,,True,True
INT-RR6PPSU1YX3JN117,2026-03-21 19:49:18,2026-03-21,CLI-XZFUGZ06LXC5,AGT-ZGEFMIKG5G,Inbound Call,Phone,Transaccional,Transaccional,206.0,106.0,True,False,Neutral,0.28,mexican,argentine,False,"PRD-6U58V2EZBJYB,PRD-MRQA24KY8COS,PRD-YOG648AVKHBX",False,True
INT-PO8FUQ90VGMHHCD6,2026-03-21 09:42:37,2026-03-21,CLI-SOK0WKUAXUDV,AGT-SHC2ZWX53S,Outbound Call,Phone,Queja,Queja,333.0,,False,True,Neutral,0.29,,,False,,False,True
INT-6BSU6H6QFA4DZ8B9,2026-03-21 21:33:00,2026-03-21,CLI-9N1F694Q36T8,AGT-HYDP944R1T,Inbound Call,Phone,Transaccional,Transaccional,247.0,108.0,True,False,Neutral,0.26,,,False,,False,True
INT-9H0OPNYT8V8DEMHA,2026-03-21 20:44:33,2026-03-21,CLI-8LDHVJRC9FPW,AGT-2TAGK048H3,Inbound Call,Phone,Producto,Producto,265.0,132.0,False,True,Neutral,-0.06,colombian,colombian,True,,True,True
INT-8NOQI61SDWKCHVMF,2026-03-22 04:47:37,2026-03-21,CLI-WTFDOR0KEQIM,AGT-VNCMXKXLZE,Email,Email,Retención,Retención,,,False,True,Neutral,0.25,mexican,argentine,False,"PRD-VHCIJ3AV0F83,PRD-LB439ESBRSHF",False,False
INT-OFK0R7P5GHSX656M,2026-03-21 09:09:36,2026-03-21,CLI-YF3Y85IZ1EET,AGT-E9GHB6WK02,Inbound Call,Phone,Transaccional,Transaccional,228.0,130.0,True,True,Neutral,0.1,mexican,mexican,False,"PRD-A1B2566N6PWT,PRD-D9448BJQGYTQ",False,True
INT-7IHYLAGRGAUHOPE3,2026-03-21 09:15:21,2026-03-21,CLI-P81VNDIHM5D4,AGT-LDEF25BE86,Inbound Call,Phone,Producto,Producto,237.0,175.0,True,False,Neutral,0.15,argentine,mexican,False,"PRD-3XV7GEZMFGX6,PRD-53W9UAJGG3NS,PRD-OPWSLKC71K70",False,True
INT-GNX1QGZ5O2HURIYZ,2026-03-21 21:46:42,2026-03-21,CLI-LYK2X6AKOP1G,AGT-3F64L1CQON,Inbound Call,Phone,Técnico,Técnico,195.0,107.0,False,True,Muy Negativo,-0.79,mexican,mexican,False,"PRD-EEQRXQXPS8GG,PRD-13RQ6Y0UU0IV",False,True
INT-IFQZTWS3TLGDS1UN,2026-03-21 23:41:25,2026-03-21,CLI-YPB7L1DXKLHO,AGT-L0V4XUS6HH,Inbound Call,Phone,Producto,Producto,243.0,129.0,True,False,Negativo,-0.5,mexican,mexican,False,,True,True
INT-EGRJ06EJC5H32DWH,2026-03-22 03:15:54,2026-03-21,CLI-FQA9PHYMCOAB,AGT-GR7KN03J41,Inbound Call,Phone,Transaccional,Transaccional,214.0,145.0,True,False,Neutral,0.04,mexican,mexican,True,"PRD-L3XSG1175NCZ,PRD-ZETY86GMMCVP,PRD-7CJ49NKHU885",False,True
INT-7E5XO180IVLILRIS,2026-03-21 15:14:22,2026-03-21,CLI-LYYKI1NXRUP2,AGT-Q5C8JMF7AE,Chat,Web Chat,Transaccional,Transaccional,,,True,False,Neutral,0.2,colombian,colombian,True,"PRD-TKFI5QEAKLHO,PRD-06ZL8FH4TZFN",True,False
INT-O60MF9A8KSACLWBW,2026-03-21 10:45:04,2026-03-21,CLI-GWMXKI2FX8JG,AGT-VEXQ0NMZLH,Inbound Call,Phone,Técnico,Técnico,438.0,218.0,False,True,Negativo,-0.68,,,False,,False,True
INT-MIV386L5EM2B5T88,2026-03-22 01:32:46,2026-03-21,CLI-NPWI7ATX5AWS,AGT-C0S7V2IHHG,Inbound Call,Phone,Transaccional,Transaccional,186.0,79.0,True,False,Neutral,0.21,mexican,colombian,False,,False,True
INT-UNHGGMSES8EBNDR7,2026-03-21 17:17:01,2026-03-21,CLI-C16O8NRO0TRS,AGT-MC2QXB1BML,Inbound Call,Phone,Queja,Queja,341.0,36.0,False,True,Neutral,0.01,colombian,colombian,False,,False,True
INT-BGGN43MQ31ZB4P2D,2026-03-21 10:34:24,2026-03-21,CLI-1FXE1MNUH2V0,AGT-UKNCM0RXY5,Inbound Call,Phone,Comercial,Comercial,357.0,218.0,True,False,Positivo,0.62,mexican,argentine,False,PRD-RFNZ3HFKG69W,False,True
INT-GXOWCW1LFE29UT62,2026-03-21 15:15:28,2026-03-21,CLI-D2DN9QXE0V29,AGT-0Q4Z4AE9P2,Inbound Call,Phone,Producto,Producto,248.0,128.0,True,False,Neutral,-0.08,colombian,colombian,False,"PRD-MDIX7LXXFMVO,PRD-5SKEU40TNGHV",False,True
INT-OS38HYD26XT0Q38P,2026-03-22 05:36:35,2026-03-21,CLI-5ODTE4O1P8EO,AGT-RVAZ2ERIA8,Inbound Call,Phone,Producto,Producto,373.0,78.0,True,False,Neutral,-0.29,,,False,,False,True
INT-T0P59U3CM52KV6MS,2026-03-22 07:24:59,2026-03-21,CLI-0AVKAA6QXFV4,AGT-5U01K5M1K2,Inbound Call,Phone,Transaccional,Transaccional,189.0,113.0,True,False,Neutral,-0.08,mexican,mexican,False,,True,True
INT-C7DBM0AIQ9VREGTL,2026-03-22 05:55:35,2026-03-21,CLI-825ITKVC9D3Y,AGT-FJRKLZU2YC,Email,Email,Comercial,Comercial,,,True,False,Neutral,0.24,argentine,argentine,False,"PRD-AA0AP8JG9I3W,PRD-O3AM2PYDTSPV,PRD-I8TVAOCZDJQQ",False,False
INT-L4L2MB2R7VQ226AD,2026-03-21 16:34:15,2026-03-21,CLI-WUJQSWH9HDOS,AGT-W8EI0WIZH2,Inbound Call,Phone,Queja,Queja,316.0,142.0,False,True,Neutral,0.12,,,False,,False,True
INT-8WKQ0FRS68BLQ3IS,2026-03-21 18:18:59,2026-03-21,CLI-BUZQBAJH25PT,AGT-2IRA439CDD,Inbound Call,Phone,Producto,Producto,250.0,40.0,False,True,Neutral,0.08,,,False,,False,True
INT-94R06T7IBBU60I2V,2026-03-21 10:27:48,2026-03-21,CLI-Y62T06HPY2P9,AGT-WRFG8F6YNC,Inbound Call,Phone,Técnico,Técnico,158.0,47.0,False,True,Positivo,0.66,argentine,argentine,False,"PRD-BB0G0WHW05OD,PRD-FCA9IDDW9UDU,PRD-QF5OJW7HN9JN",False,True
INT-DLH4U3XTEDQQ814Z,2026-03-22 00:04:33,2026-03-21,CLI-3KO2LMFW4ZSW,AGT-4KDDHBIJVU,Inbound Call,Phone,Transaccional,Transaccional,149.0,248.0,True,False,Neutral,-0.16,mexican,mexican,False,"PRD-SOJUNESEQDMD,PRD-UB3MM0Z9LV8A,PRD-OXFJ4PTAXDCB",False,True
INT-WOYUD2CYNLW8LEL5,2026-03-22 05:49:42,2026-03-21,CLI-K0J7HRXKTENX,AGT-1YCIZJAO9N,Inbound Call,Phone,Queja,Queja,331.0,68.0,False,True,Negativo,-0.37,colombian,colombian,False,,False,True
INT-QNVL0QR21CKT4IUK,2026-03-21 18:44:00,2026-03-21,CLI-X625HKPM1CW4,AGT-96XY80WRZG,Inbound Call,Phone,Retención,Retención,424.0,185.0,True,False,Positivo,0.65,mexican,mexican,False,PRD-FHYYFB7IT704,True,True
INT-RZUZLF83OB8EG7A3,2026-03-22 05:58:53,2026-03-21,CLI-4GTD48URU3RQ,AGT-TV0QBXSVT9,Inbound Call,Phone,Producto,Producto,311.0,123.0,True,False,Positivo,0.46,argentine,argentine,False,,False,True
INT-J593YCC7PX5UI6R9,2026-03-21 10:11:26,2026-03-21,CLI-CAS60Y6J7KEP,AGT-I6R1T9IKUL,Inbound Call,Phone,Transaccional,Transaccional,279.0,34.0,True,False,Neutral,-0.13,,,False,,False,True
INT-8756HU7IQ4QVYAOQ,2026-03-21 20:35:44,2026-03-21,CLI-MCYCQDGBJZZS,AGT-ESK10JFPQQ,Inbound Call,Phone,Transaccional,Transaccional,115.0,218.0,True,False,Neutral,-0.15,argentine,argentine,False,"PRD-IH7V346F2L49,PRD-Q2HP1R9MEZ1M",False,True
INT-2DR5YV14ED6WNXUU,2026-03-22 03:31:36,2026-03-21,CLI-AX5Z8XFNRRR1,AGT-GL138CSY0G,Chat,Web Chat,Técnico,Técnico,,,False,True,Neutral,0.3,argentine,argentine,False,PRD-HU4QUW3MP3AM,False,False
INT-XXNCJAXZOUPNB83D,2026-03-22 00:40:29,2026-03-21,CLI-A8XCR2D83MMA,AGT-1YXVT0O4G0,Inbound Call,Phone,Retención,Retención,485.0,0.0,False,True,Muy Positivo,0.92,mexican,mexican,False,,False,True
INT-QV5ZSPQP083296RN,2026-03-22 05:48:42,2026-03-21,CLI-REW30664G05X,AGT-EBM3J7XZ6E,Inbound Call,Phone,Comercial,Comercial,524.0,91.0,True,False,Neutral,0.23,mexican,mexican,False,"PRD-KV41WCHYT64Z,PRD-WDDFU44QPXO6,PRD-NNQLGNKF978S",False,True
INT-9HDYGF71SXIL6V11,2026-03-21 23:49:26,2026-03-21,CLI-808ER1WUJ9C2,AGT-HXQ8E585EG,Chat,Web Chat,Producto,Producto,,,True,False,Neutral,-0.05,mexican,mexican,False,,False,False
INT-8VO93TAHPDUH4Z5V,2026-03-21 14:15:54,2026-03-21,CLI-9YVCV8A64HRW,AGT-KITIHYNJSA,Inbound Call,Phone,Técnico,Técnico,383.0,117.0,True,False,Neutral,-0.07,,,False,,False,True
INT-EQSLSM2ZWA9ZAA3B,2026-03-21 22:18:47,2026-03-21,CLI-6BQOCXA8R9UV,AGT-8OU6MJW3QV,Inbound Call,Phone,Producto,Producto,366.0,79.0,False,True,Neutral,-0.19,argentine,argentine,False,PRD-SRNQYVSZJIQI,False,True
INT-1EXTZCRH5WGGVDOA,2026-03-22 07:26:08,2026-03-21,CLI-5GM95P3WHZNZ,AGT-9YYG4EPQAP,Inbound Call,Phone,Comercial,Comercial,211.0,63.0,True,False,Negativo,-0.47,,,False,,False,True
INT-7NE9C233B39EOYQG,2026-03-21 16:38:33,2026-03-21,CLI-UL0SMJU7DLMG,AGT-UCOAAM33Z5,Inbound Call,Phone,Transaccional,Transaccional,204.0,0.0,True,False,Neutral,-0.15,,,False,,False,True
INT-2JA19ZHKY0KXO8BC,2026-03-21 18:40:52,2026-03-21,CLI-P5AX9Z6VXF1M,AGT-KTWAJKP7QW,Inbound Call,Phone,Comercial,Comercial,547.0,172.0,True,False,Muy Negativo,-0.71,mexican,argentine,False,,False,True
INT-L1QCW5TPUSPU0SK6,2026-03-21 12:45:03,2026-03-21,CLI-0GTAG2RRMQUL,AGT-6ZZW9BKBOC,Chat,App,Producto,Producto,,,True,False,Neutral,-0.24,argentine,argentine,False,"PRD-9CCRFRMCO25Z,PRD-1XBQUI0PYX2H",True,False
INT-PLK3LZVFFBIGVQ04,2026-03-21 21:35:04,2026-03-21,CLI-HHFROQ6DT3KH,AGT-1999NR0BNU,Inbound Call,Phone,Comercial,Comercial,110.0,91.0,True,False,Positivo,0.54,mexican,mexican,False,,True,True
INT-GNXVL49E4H74208M,2026-03-22 06:29:38,2026-03-21,CLI-A72TLWSQXZJR,AGT-RZPZ4QXWMO,Inbound Call,Phone,Comercial,Comercial,684.0,30.0,True,False,Neutral,-0.08,mexican,mexican,False,,False,True
INT-OR2SM0UJ2QMDOWP1,2026-03-21 19:33:59,2026-03-21,CLI-CX8HJRSCKRVT,AGT-QX2FUBC9H9,Inbound Call,Phone,Transaccional,Transaccional,163.0,161.0,True,False,Neutral,0.23,mexican,mexican,True,"PRD-IHNGJQQW02UC,PRD-DTHNMT3QSYDK",False,True
INT-VT4BBBO7AY4ECEJX,2026-03-22 03:12:51,2026-03-21,CLI-K33K6D9QPVL5,AGT-Q8AGV9WXXS,Inbound Call,Phone,Transaccional,Transaccional,264.0,84.0,True,False,Neutral,0.17,,,False,,False,True
INT-E88HP60ZNM90E811,2026-03-22 07:42:57,2026-03-21,CLI-OWLVPBJG753E,AGT-JSX5PQZSR1,Chat,App,Transaccional,Transaccional,,,True,True,Neutral,-0.13,,,False,,True,False
INT-MS5SEG22MBEBCDDW,2026-03-21 08:51:44,2026-03-21,CLI-RX9Y9FYZ5ZBD,AGT-QXV7HN47JJ,Inbound Call,Phone,Transaccional,Transaccional,367.0,168.0,True,True,Neutral,0.27,,,True,,False,True
INT-B7ZEPT1VILWK855E,2026-03-22 05:38:20,2026-03-21,CLI-9YQG52NCW4KC,AGT-EUE2HDH3QQ,Inbound Call,Phone,Técnico,Técnico,468.0,114.0,True,False,Muy Negativo,-0.85,mexican,mexican,False,PRD-OZK62UU0789J,True,True
INT-VU4ZQPAGJYZSC9LA,2026-03-21 08:06:19,2026-03-21,CLI-JBGTYV19Q8HS,AGT-RA3DSUKQ7L,Outbound Call,Phone,Queja,Queja,422.0,,True,False,Neutral,0.19,,,False,,False,True
INT-GOLVJS7DWSM8LRXA,2026-03-21 08:08:30,2026-03-21,CLI-PBHKHROUY2T3,AGT-P7RT23V6BG,Inbound Call,Phone,Queja,Queja,558.0,77.0,False,True,Muy Negativo,-0.75,,,False,"PRD-5S7QU7G2N3VO,PRD-49WGSCZMBFE1",False,True
INT-EM5GTVZIC993MHPD,2026-03-21 16:59:10,2026-03-21,CLI-V40OZTPMYKLK,AGT-P3J2VF0O60,Chat,WhatsApp,Transaccional,Transaccional,,,True,False,Neutral,0.24,colombian,colombian,False,,False,False
INT-UHZIT7YG1YEDKMGG,2026-03-21 10:08:13,2026-03-21,CLI-746SNHQQQXX2,AGT-61TCM0PLR7,Chat,Web Chat,Producto,Producto,,,True,False,Positivo,0.64,,,False,"PRD-X5W9UT43MJCB,PRD-XEQGM84TYX43,PRD-XJ64GG8RI0VT",False,False
INT-9547MUENPZIW37M8,2026-03-21 08:17:42,2026-03-21,CLI-RWEPR02PRCRT,AGT-BUE4IHI1P1,Inbound Call,Phone,Producto,Producto,235.0,101.0,True,False,Neutral,0.08,,,False,,False,True
INT-Z7ETV3V33IZQZ0JU,2026-03-21 12:17:24,2026-03-21,CLI-GJN50DV5RD0O,AGT-SJB0SX5YBM,Inbound Call,Phone,Queja,Queja,968.0,137.0,False,True,Muy Positivo,0.96,argentine,mexican,False,,False,True
INT-E5YU3J85QJ7BF118,2026-03-21 23:28:55,2026-03-21,CLI-ZCPT9M6VD2FR,AGT-WCPI68FFI5,Inbound Call,Phone,Transaccional,Transaccional,219.0,134.0,True,False,Neutral,-0.13,argentine,argentine,False,,True,True
INT-W88RVKFER90CISHR,2026-03-22 06:15:17,2026-03-21,CLI-SWVBM3IAJ3W6,AGT-I080XG5YVQ,Inbound Call,Phone,Técnico,Técnico,408.0,124.0,True,False,Negativo,-0.56,colombian,colombian,False,,True,True
INT-LZSBFJYWPVU7LGLA,2026-03-21 13:21:22,2026-03-21,CLI-71KEXVRLBR7I,AGT-V4FGNHLRXQ,Chat,Web Chat,Producto,Producto,,,True,False,Neutral,-0.14,argentine,argentine,False,,False,False
INT-2D9Z3RU8O1N7MDS4,2026-03-22 01:27:51,2026-03-21,CLI-FH3WTOJQRUHY,AGT-YG53JDQFB2,Inbound Call,Phone,Retención,Retención,274.0,153.0,True,False,Negativo,-0.48,mexican,mexican,False,"PRD-ICB2EIJO3EC8,PRD-LNT0KTC228IB,PRD-LYIPP90IJYGW",False,True
INT-6PUM9T9XJQRE6YL1,2026-03-21 23:09:09,2026-03-21,CLI-Q0LACTR2541F,AGT-DBGB5MKK8K,Inbound Call,Phone,Técnico,Técnico,453.0,44.0,True,True,Neutral,0.3,mexican,colombian,False,,False,True
INT-I7S4OKOG213MUX9V,2026-03-21 16:47:51,2026-03-21,CLI-KTGK5SLAPH8P,AGT-43DO0TIZK2,Outbound Call,Phone,Transaccional,Transaccional,114.0,,False,True,Neutral,-0.09,argentine,argentine,False,,False,True
INT-XUIPX7X5JVT1A3NF,2026-03-22 07:19:05,2026-03-21,CLI-FIHMMYH7AC0Z,AGT-FL833OQDNH,Inbound Call,Phone,Técnico,Técnico,445.0,175.0,True,False,Muy Positivo,0.73,mexican,mexican,False,,True,True
INT-VT4E8LAS5YCA3NKV,2026-03-21 17:17:30,2026-03-21,CLI-GRA5K0YUJWQ0,AGT-MV4RR3NAKS,Inbound Call,Phone,Transaccional,Transaccional,133.0,85.0,False,True,Neutral,0.11,,,False,,True,True
INT-NLF8RLKDXHLO02GZ,2026-03-22 04:44:57,2026-03-21,CLI-3178P4N116JY,AGT-G9OO88HUR6,Outbound Call,Phone,Queja,Queja,559.0,,False,True,Positivo,0.36,colombian,colombian,True,,False,True
INT-ZCOD5O2MO6610TCF,2026-03-21 17:02:37,2026-03-21,CLI-FA8JIZ7B5UNL,AGT-GJ9LKR80FA,Inbound Call,Phone,Técnico,Técnico,181.0,144.0,True,False,Negativo,-0.46,colombian,colombian,False,,False,True
INT-9W64WU0653D9PBFN,2026-03-21 22:00:30,2026-03-21,CLI-EU9T1PHV5EVK,AGT-9XS8S3F6F9,Inbound Call,Phone,Producto,Producto,396.0,71.0,True,True,Neutral,0.19,argentine,argentine,False,"PRD-BN2GIZCA1RCO,PRD-GZZR85DGPPTA",False,True
INT-8HOZD06JYWE1W1K2,2026-03-22 03:46:40,2026-03-21,CLI-WTQWY2SNY8FP,AGT-QJDRG08QEG,Inbound Call,Phone,Transaccional,Transaccional,431.0,79.0,True,False,Neutral,-0.02,,,False,PRD-O5C39XU1N43L,False,True
INT-W9JBR8H8A48WZYKV,2026-03-21 14:56:35,2026-03-21,CLI-1DKGPYCJ04QN,AGT-YF9RO3EJZU,Inbound Call,Phone,Producto,Producto,430.0,123.0,True,True,Neutral,-0.15,mexican,colombian,False,"PRD-OGXM7CN666ON,PRD-QK1S82A1V99F,PRD-83OMFT73J1ZA",False,True
INT-QZVP2ETAKC99YWG0,2026-03-22 00:38:08,2026-03-21,CLI-NK0YMEVS8UE0,AGT-9GJ09FFYE4,Inbound Call,Phone,Técnico,Técnico,388.0,115.0,True,False,Neutral,0.25,argentine,argentine,False,,False,True
INT-14R24XFYSNFE8K74,2026-03-21 19:12:38,2026-03-21,CLI-ZTEOOZCJSELN,AGT-R9SF4CABC3,Chat,WhatsApp,Transaccional,Transaccional,,,True,False,Neutral,0.25,argentine,colombian,False,,True,False
INT-7S4T4IJKRKNB67AD,2026-03-21 15:35:21,2026-03-21,CLI-A1ZU9LQJB7PU,AGT-NQ72Y207T6,Inbound Call,Phone,Producto,Producto,219.0,157.0,True,False,Muy Negativo,-0.89,mexican,mexican,False,PRD-N6L907Q4L1FJ,True,True
INT-U2F8WY96BJC7SIPU,2026-03-21 21:43:07,2026-03-21,CLI-1JJ3QQOA5MRY,AGT-OOEUK3E94D,Inbound Call,Phone,Transaccional,Transaccional,293.0,151.0,True,False,Neutral,-0.1,argentine,mexican,False,"PRD-FTRXPU6VMBQ5,PRD-KX6R6GE1Y6MI",True,True
INT-5QOXXTV2QUJ9STCA,2026-03-22 04:17:43,2026-03-21,CLI-4MJ105FCG17W,AGT-0UA5E2DG3G,Inbound Call,Phone,Transaccional,Transaccional,239.0,49.0,True,False,Neutral,0.1,,,False,,False,True
INT-U9M2MESYWY4L91DP,2026-03-21 13:55:16,2026-03-21,CLI-7MJZMTM64BZJ,AGT-PKWCHKMDDW,Inbound Call,Phone,Transaccional,Transaccional,189.0,73.0,False,True,Neutral,-0.2,,,False,,False,True
INT-VWGH8C58VR61XKJD,2026-03-21 22:18:59,2026-03-21,CLI-0FC0ECE3ZA50,AGT-06FWQGSE0P,Email,Email,Transaccional,Transaccional,,,True,False,Neutral,0.23,,,False,,False,False
INT-NHD86F2QIVPQ22I2,2026-03-21 09:26:10,2026-03-21,CLI-R9Q8TJOIKKEP,AGT-JCQPNEURE8,Inbound Call,Phone,Técnico,Técnico,331.0,189.0,True,False,Positivo,0.41,mexican,colombian,False,"PRD-JM1CPJASBQRA,PRD-9YO91YKA7OA6,PRD-GM524Z9T7CTD",False,True
INT-DL3SNPLPCB7984ID,2026-03-22 02:01:08,2026-03-21,CLI-425BU18VN3QQ,AGT-1SD8N8Y4VV,Inbound Call,Phone,Transaccional,Transaccional,117.0,116.0,True,True,Neutral,-0.02,mexican,mexican,True,,True,True
INT-P6U67MKKKRAL7QR6,2026-03-22 06:10:16,2026-03-21,CLI-E32NYAJFAGNY,AGT-71SU0OSLVY,Inbound Call,Phone,Producto,Producto,240.0,119.0,True,False,Negativo,-0.63,argentine,argentine,False,,False,True
INT-S3GZPGK81CEZP0I7,2026-03-21 14:32:31,2026-03-21,CLI-LED2V0S4O6AU,AGT-03D30TX4R9,Inbound Call,Phone,Transaccional,Transaccional,123.0,114.0,True,False,Neutral,-0.15,mexican,mexican,False,"PRD-2JL8IKAEBB99,PRD-DTVCNJZEPT28",False,True
INT-H47CSIB5T361L28U,2026-03-21 15:32:38,2026-03-21,CLI-KEE9A39UORYP,AGT-VRI9ZS84KO,Inbound Call,Phone,Transaccional,Transaccional,170.0,54.0,True,False,Neutral,0.05,mexican,mexican,False,,False,True
INT-SD3PX17U4MWR9EEZ,2026-03-22 04:24:55,2026-03-21,CLI-WC6LGV76WRIA,AGT-DBGB5MKK8K,Chat,WhatsApp,Producto,Producto,,,False,True,Neutral,-0.08,colombian,colombian,False,PRD-3NBT971NWP18,False,False
INT-0E28OKVSS1JC2H58,2026-03-21 08:55:42,2026-03-21,CLI-5BNX517TWVU1,AGT-TWN2VTJSI9,Chat,WhatsApp,Técnico,Técnico,,,True,False,Positivo,0.37,colombian,colombian,True,,False,False
INT-37XGGDFPNBQJWTVC,2026-03-21 14:24:00,2026-03-21,CLI-TYOGB6QOXP1M,AGT-OK1RZJN2O9,Inbound Call,Phone,Queja,Queja,578.0,142.0,False,True,Negativo,-0.61,,,True,,False,True
INT-U5KG5OFATPV3I6HJ,2026-03-21 15:55:28,2026-03-21,CLI-9ZVGNX6YAEG9,AGT-ZZLDFFK5KX,Inbound Call,Phone,Transaccional,Transaccional,100.0,198.0,True,False,Neutral,-0.15,,,False,,False,True
INT-YS29LPFVTHU87CAS,2026-03-21 14:41:05,2026-03-21,CLI-4AH7MRZXK86L,AGT-SYVTKOYKRR,Inbound Call,Phone,Queja,Queja,293.0,122.0,False,True,Positivo,0.5,mexican,mexican,False,,False,True
INT-2D3IFBM33GUWYMZF,2026-03-21 13:16:30,2026-03-21,CLI-KZ3MP951VBIW,AGT-P0R6W0FYK1,Inbound Call,Phone,Transaccional,Transaccional,167.0,148.0,True,False,Neutral,-0.18,colombian,colombian,False,,False,True
INT-0TJU7WDBEVDT02A0,2026-03-22 01:23:51,2026-03-21,CLI-EU1746C67I7W,AGT-4W61FITOXQ,Inbound Call,Phone,Técnico,Técnico,191.0,74.0,True,False,Neutral,0.15,mexican,mexican,False,"PRD-I4FCJLWIYNFP,PRD-RR8TXTYNGHIQ,PRD-OVAVLZ6QGFK5",False,True
INT-IE89IRVZJNU528OP,2026-03-21 18:41:52,2026-03-21,CLI-2CKMJZE9KH1K,AGT-H1P9MYTVXZ,Inbound Call,Phone,Producto,Producto,282.0,81.0,True,False,Neutral,-0.01,argentine,argentine,False,"PRD-G6EA22UV3WSZ,PRD-S1T4QI0DGKRP,PRD-JZWI1KHG9VJU",False,True
INT-6QWZD110W6BF3RF3,2026-03-21 10:25:51,2026-03-21,CLI-F8G29MEV2LID,AGT-PTQZV7ISVY,Inbound Call,Phone,Transaccional,Transaccional,98.0,269.0,True,False,Neutral,-0.29,mexican,mexican,False,"PRD-O1W63ZXMK5HK,PRD-OPWTQR78UWMC,PRD-CV90NFXS0JRG",True,True
INT-I7W876TFCVE303JY,2026-03-22 00:24:37,2026-03-21,CLI-83KA57Z3SR7V,AGT-JI2PI1E2KY,Inbound Call,Phone,Producto,Producto,284.0,95.0,True,False,Muy Negativo,-0.85,,,False,"PRD-U7MTUM17L2KQ,PRD-D8KKKJ4I5S9K,PRD-W01Y2VDTQLAB",False,True
INT-8NDDU6Y7DDJI8J46,2026-03-22 00:15:48,2026-03-21,CLI-56X4GD9NLZRQ,AGT-12AFACXPXI,Inbound Call,Phone,Producto,Producto,248.0,216.0,True,False,Neutral,-0.21,colombian,colombian,False,,False,True
INT-DUPOIUV12HD1T1T5,2026-03-21 12:55:05,2026-03-21,CLI-BMX8JHKFG7YS,AGT-NFMDK0WJ3N,Outbound Call,Phone,Técnico,Técnico,343.0,,True,False,Negativo,-0.6,mexican,mexican,False,,True,True
INT-PW9T2HFU87DX3R9C,2026-03-21 10:31:07,2026-03-21,CLI-EWDB8U7DBJK0,AGT-PC5ULV8S9U,Video,App,Queja,Queja,229.0,,False,True,Negativo,-0.44,mexican,mexican,False,,False,True
INT-C1J4G8F2N62FGGKB,2026-03-22 07:15:55,2026-03-21,CLI-VGHIJP1L5FGV,AGT-6BOP58P37C,Inbound Call,Phone,Transaccional,Transaccional,247.0,105.0,True,True,Neutral,0.16,,,False,,True,True
INT-JGNL1BWPV444UGLL,2026-03-22 02:43:07,2026-03-21,CLI-EVK08INEMX0K,AGT-CRXE24TEPA,Inbound Call,Phone,Transaccional,Transaccional,83.0,61.0,True,False,Neutral,-0.0,mexican,argentine,True,,False,True
INT-MXP5HT2IJFQWY8IJ,2026-03-21 14:56:06,2026-03-21,CLI-80ROHWP7YZDH,AGT-HWATBOOPXF,Outbound Call,Phone,Técnico,Técnico,409.0,,True,False,Neutral,-0.28,mexican,mexican,False,"PRD-N63EOGJMYSWD,PRD-8K0AQKKPFX4G,PRD-6VBCXDQ94Q5U",True,True
INT-U8XU59XTTPYTDD2G,2026-03-22 02:12:43,2026-03-21,CLI-SCVZG5LQ631H,AGT-EXKK12NKB9,Chat,WhatsApp,Comercial,Comercial,,,True,True,Negativo,-0.64,mexican,mexican,False,PRD-8YVQ4D22BUKP,False,False
INT-7TBEOPFVSUFOALMU,2026-03-22 01:42:39,2026-03-21,CLI-TYHEEQNAAXD5,AGT-ESK10JFPQQ,Inbound Call,Phone,Retención,Retención,665.0,113.0,True,False,Neutral,-0.1,mexican,mexican,False,,False,True
INT-RZJVXZZF8VX377CZ,2026-03-21 21:59:29,2026-03-21,CLI-FPBN4ABHCQ04,AGT-8OU6MJW3QV,Inbound Call,Phone,Transaccional,Transaccional,135.0,179.0,True,False,Neutral,0.04,,,False,,False,True
INT-TRO9XJNRFTNYMHH6,2026-03-21 11:36:23,2026-03-21,CLI-8JU9YPHC89JS,AGT-MZOYQF5IHG,Outbound Call,Phone,Producto,Producto,262.0,,True,False,Neutral,0.17,argentine,argentine,True,,False,True
INT-OEYBS6IKEICUO5Z2,2026-03-21 08:15:21,2026-03-21,CLI-4BSCC2QGH9DC,AGT-INOBA0VR4Q,Inbound Call,Phone,Transaccional,Transaccional,100.0,157.0,True,True,Neutral,-0.27,colombian,mexican,False,,False,True
INT-5ORCF01P8YKFK7T9,2026-03-22 00:30:37,2026-03-21,CLI-GO32GHLVMLCH,AGT-0XMA3F473C,Inbound Call,Phone,Transaccional,Transaccional,359.0,145.0,True,True,Neutral,0.09,mexican,mexican,False,"PRD-K3L8296ORSGM,PRD-R160I3AC5I10",True,True
INT-E15YN8AB88G8PPSO,2026-03-21 19:52:16,2026-03-21,CLI-0HL360AUTQQA,AGT-ZVS0XWYET1,Inbound Call,Phone,Técnico,Técnico,221.0,248.0,True,False,Neutral,0.14,,,False,,False,True
INT-WCA1K5VIZK0RBZZA,2026-03-22 05:23:29,2026-03-21,CLI-2ENG75H1CNQP,AGT-1SD8N8Y4VV,Outbound Call,Phone,Producto,Producto,261.0,,True,False,Positivo,0.36,,,False,"PRD-OVA4MMAUDGGR,PRD-FL73OAXZIEPH",False,True
INT-MKE55DGRY6JQN6Z7,2026-03-21 16:02:37,2026-03-21,CLI-D4OO284QQUDL,AGT-OXGDKDP90E,Email,Email,Producto,Producto,,,True,False,Neutral,0.03,mexican,mexican,False,,False,False
INT-TLVYNLUOYEVIQ6YY,2026-03-22 04:24:10,2026-03-21,CLI-MOCZS1G3RRCR,AGT-Z8YFQBMTYZ,Inbound Call,Phone,Transaccional,Transaccional,155.0,168.0,True,True,Neutral,0.11,mexican,mexican,False,,True,True
INT-1TJXEIHDY58FEOK7,2026-03-21 18:57:59,2026-03-21,CLI-K41KGUVWFKW9,AGT-IT36OMS326,Inbound Call,Phone,Transaccional,Transaccional,320.0,111.0,False,True,Neutral,-0.2,,,False,PRD-1HYBXWBLVXTF,True,True
INT-XVK5DKL3BY6YZGFH,2026-03-21 12:21:45,2026-03-21,CLI-ODPMFJQGU940,AGT-8NE8GSGUG4,Inbound Call,Phone,Transaccional,Transaccional,218.0,95.0,True,False,Neutral,-0.14,,,False,PRD-XWD24263C6SV,False,True
INT-F99RCIZW9VGNTTF6,2026-03-21 13:38:09,2026-03-21,CLI-77FO1XTAAURP,AGT-PLUMVDKU8D,Inbound Call,Phone,Transaccional,Transaccional,328.0,181.0,False,True,Neutral,-0.14,,,False,,False,True
INT-R4WZKGHLJORO80LA,2026-03-21 19:44:37,2026-03-21,CLI-XOSXIFU4P27T,AGT-QW7EGGQH00,Inbound Call,Phone,Transaccional,Transaccional,144.0,160.0,True,False,Neutral,-0.14,mexican,mexican,False,"PRD-HITYVUGWO2FO,PRD-MXL41IWFT3H8",False,True
INT-MPWD3HN7DJKOZB3M,2026-03-21 14:38:56,2026-03-21,CLI-ZC66UJYSWQ2I,AGT-ADNC57V4Y5,Inbound Call,Phone,Producto,Producto,85.0,92.0,False,True,Neutral,0.27,mexican,mexican,False,,False,True
INT-DDXK253H430Z8SPJ,2026-03-21 20:33:36,2026-03-21,CLI-W0WDI16JYO90,AGT-OJOELLJS8I,Inbound Call,Phone,Queja,Queja,515.0,171.0,False,True,Neutral,0.28,argentine,argentine,False,,False,True
INT-NFPD71QT9C3XC3EX,2026-03-22 00:42:52,2026-03-21,CLI-VR1IMVZCEIBT,AGT-R8G56XJJDR,Inbound Call,Phone,Producto,Producto,222.0,118.0,False,True,Negativo,-0.33,colombian,colombian,False,,False,True
INT-ZGV4W5Z876DTSCO6,2026-03-21 23:40:39,2026-03-21,CLI-HCKP42FSJ5WM,AGT-QXW4A78RH3,Inbound Call,Phone,Transaccional,Transaccional,290.0,164.0,True,True,Neutral,0.26,colombian,colombian,False,PRD-X268UO8LJHCX,False,True
INT-BUK4X2RTSUUT9WL8,2026-03-21 10:56:09,2026-03-21,CLI-1B7L6K4QKJXP,AGT-Z417DGG0UF,Outbound Call,Phone,Transaccional,Transaccional,161.0,,True,False,Neutral,-0.23,argentine,argentine,False,,False,True
INT-E3KWKPM10QCUTPIA,2026-03-21 12:00:31,2026-03-21,CLI-QHVDT2YYAT0T,AGT-W2DEB9GVSM,Inbound Call,Phone,Técnico,Técnico,270.0,148.0,True,False,Neutral,0.05,argentine,argentine,False,PRD-Q26LSVEK4M0E,False,True
INT-QKGEPYHNOMX8EPWR,2026-03-21 23:15:28,2026-03-21,CLI-037FJ14UNGDN,AGT-DHXTM6VCSZ,Inbound Call,Phone,Transaccional,Transaccional,178.0,139.0,True,False,Neutral,0.15,colombian,colombian,False,,False,True
INT-ZLF66J2W8KW1RNC9,2026-03-21 15:04:53,2026-03-21,CLI-GZBIL99MYPOJ,AGT-M261ILATNY,Inbound Call,Phone,Queja,Queja,382.0,61.0,False,True,Neutral,-0.17,mexican,mexican,False,"PRD-BQ6T1GXYQPJV,PRD-RC3FCGLU7C8J,PRD-OW72H4ZQP6N8",False,True
INT-QZLQ2BG3SEXFTWK7,2026-03-21 14:09:11,2026-03-21,CLI-SY4EEU4ZC2W2,AGT-LWI6FT9AYN,Inbound Call,Phone,Comercial,Comercial,455.0,88.0,True,True,Neutral,-0.29,mexican,mexican,False,,False,True
INT-3M6E3IJUR8KY8EBN,2026-03-21 21:29:00,2026-03-21,CLI-1ZTH53UPS5OQ,AGT-5LCOF9SDDE,Inbound Call,Phone,Queja,Queja,340.0,198.0,False,True,Neutral,0.05,mexican,mexican,False,,False,True
INT-74AMR6BUQL6K4ZUP,2026-03-21 11:28:57,2026-03-21,CLI-84TX5CRF466P,AGT-92W11NU8ER,Chat,App,Queja,Queja,,,True,False,Negativo,-0.68,,,False,"PRD-L4GPGR1KBOKW,PRD-FT3N78L05WYI,PRD-1W1297BUZE4F",False,False
INT-MUNZYHN4V8ROZ4M8,2026-03-21 21:00:52,2026-03-21,CLI-7URT5P49AM6M,AGT-48C3QHNTB7,Inbound Call,Phone,Transaccional,Transaccional,678.0,223.0,True,False,Neutral,-0.3,,,True,,False,True
INT-X1Y6WTR8LR2F0VSW,2026-03-22 00:56:59,2026-03-21,CLI-WURT9X9RHTOC,AGT-6I9WLLYIKE,Inbound Call,Phone,Transaccional,Transaccional,125.0,83.0,True,False,Neutral,-0.05,mexican,mexican,False,"PRD-O47XG0ZDO3GB,PRD-KUD0FXG067U3",False,True
INT-KH5XWCGYV7G9IKH2,2026-03-21 19:22:18,2026-03-21,CLI-CL6K6R4QMH2X,AGT-12AFACXPXI,Inbound Call,Phone,Transaccional,Transaccional,213.0,34.0,True,False,Neutral,0.04,colombian,colombian,False,,False,True
INT-ZH7IEDZFY3BM217W,2026-03-21 10:02:15,2026-03-21,CLI-8XJC81HXYYWV,AGT-CQBSB9AUGV,Inbound Call,Phone,Transaccional,Transaccional,216.0,110.0,True,False,Neutral,0.15,colombian,mexican,False,"PRD-XK64E1OA0TYR,PRD-5OQUFUC00QWF",False,True
INT-II1UK5TPOKZ07IBK,2026-03-21 16:29:42,2026-03-21,CLI-P4NMBBFHV0A4,AGT-4R60WIH6RO,Inbound Call,Phone,Transaccional,Transaccional,279.0,91.0,True,False,Neutral,-0.05,mexican,mexican,False,"PRD-ISTJ16BDQMN1,PRD-MRDL3FPO67X1",False,True
INT-AIXCQ04NB07CX04H,2026-03-21 09:21:56,2026-03-21,CLI-MS32C2LXSIUB,AGT-POEX2CJEPP,Inbound Call,Phone,Técnico,Técnico,434.0,134.0,True,True,Positivo,0.33,mexican,colombian,False,"PRD-CRWBOXOCFSOS,PRD-5NU3HKEEFVF6",False,True
INT-2AYE0Z743E90PEXS,2026-03-21 08:16:12,2026-03-21,CLI-FNEE5TMY5JU2,AGT-155PP3L6XE,Outbound Call,Phone,Queja,Queja,578.0,,False,True,Muy Negativo,-0.7,colombian,colombian,True,"PRD-TWTQQ98ITNU0,PRD-WLMUAHQ66RRQ,PRD-CAE91Z31833A",False,True
INT-GJ540TIWR9YHXVGH,2026-03-22 03:47:39,2026-03-21,CLI-2N0KYM4IBOYI,AGT-I6R1T9IKUL,Inbound Call,Phone,Queja,Queja,447.0,149.0,True,False,Neutral,-0.17,,,False,,False,True
INT-NS4K415YGN18DNMY,2026-03-21 19:48:45,2026-03-21,CLI-JQIKC4JG5OW9,AGT-SYVTKOYKRR,Inbound Call,Phone,Transaccional,Transaccional,331.0,188.0,True,False,Neutral,0.12,,,True,PRD-1HTO08XOTB31,False,True
INT-F8MVU1A3DM9QB2VO,2026-03-21 08:38:53,2026-03-21,CLI-E64NB8GUPM4C,AGT-SEDL4ENT0A,Inbound Call,Phone,Transaccional,Transaccional,247.0,144.0,True,False,Neutral,-0.26,,,True,,True,True
INT-WDQQZIHJCJSS8LJE,2026-03-21 11:35:33,2026-03-21,CLI-465LUIBM0RMO,AGT-FLVQCF7XLG,Inbound Call,Phone,Transaccional,Transaccional,200.0,91.0,True,False,Neutral,-0.06,argentine,argentine,False,PRD-VMMGKMQ31Q0N,True,True
INT-73Q2ZNAA2CZB5LJI,2026-03-22 00:06:05,2026-03-21,CLI-B1WOMGR60YKC,AGT-70NA7XO37Z,Inbound Call,Phone,Producto,Producto,229.0,100.0,True,False,Neutral,0.07,,,False,,False,True
INT-HFY0PU8K0SPLHUFT,2026-03-21 15:39:59,2026-03-21,CLI-ZVBILBFKUOG6,AGT-Y8C36091GU,Email,Email,Transaccional,Transaccional,,,True,False,Neutral,-0.04,,,False,,False,False
INT-7HRY9AJLP7NIHWUH,2026-03-21 08:35:11,2026-03-21,CLI-ONHMWY2ERR4Q,AGT-VT6AB8ZSIS,Inbound Call,Phone,Transaccional,Transaccional,200.0,145.0,True,True,Neutral,-0.14,mexican,mexican,False,"PRD-A4KICN9FITSF,PRD-Q001K07ZIVMJ,PRD-Y1CYM5ZNXX6B",False,True
INT-NFO7KS29DENHPK3A,2026-03-21 11:34:35,2026-03-21,CLI-HA0SCKXJY9MD,AGT-Y8O10JEBE3,Inbound Call,Phone,Técnico,Técnico,197.0,148.0,True,True,Negativo,-0.44,,,False,,False,True
INT-S1LR37P8D6J6Q4XD,2026-03-21 14:58:40,2026-03-21,CLI-CG11RHXBDX76,AGT-PDS7BE8A8L,Inbound Call,Phone,Transaccional,Transaccional,208.0,141.0,True,False,Neutral,0.21,,,False,"PRD-RRK9JPFC2PDK,PRD-EI9OYN2PZU5Y",False,True
INT-Y6ZCKA9M3VN7YNW0,2026-03-21 17:45:48,2026-03-21,CLI-M6JRQ0LKGHDC,AGT-30WK4O4H1B,Inbound Call,Phone,Queja,Queja,559.0,127.0,False,True,Positivo,0.43,,,False,"PRD-VD0W80T71MSO,PRD-83RTRXCJTP88",False,True
INT-4GDXVGXQT496KKCW,2026-03-21 08:52:00,2026-03-21,CLI-DHCRB15H3UJF,AGT-2GCBYGGPO4,Outbound Call,Phone,Retención,Retención,504.0,,True,False,Neutral,0.24,colombian,colombian,True,"PRD-802A1239IEEE,PRD-JPE2Q0TK6JLI,PRD-OUWRD708V8IM",False,True
INT-90KJ0B20ZKPOB17A,2026-03-21 23:41:41,2026-03-21,CLI-77WNJ08H2YW4,AGT-8DUEBHWDZS,Inbound Call,Phone,Producto,Producto,491.0,11.0,True,True,Neutral,0.12,colombian,mexican,False,"PRD-6EOX6WXL4FWZ,PRD-LVQ76WGL8PFS",True,True
INT-JOJ9EPUM7AWSEPQT,2026-03-22 05:52:21,2026-03-21,CLI-HTB85N6IT32D,AGT-D2H1LNA4JK,Outbound Call,Phone,Transaccional,Transaccional,223.0,,True,False,Neutral,0.09,argentine,mexican,False,,False,True
INT-GTKYOI22JH5UFJI6,2026-03-22 05:35:29,2026-03-21,CLI-D320N5CO5OGS,AGT-JPATDOZLSQ,Inbound Call,Phone,Técnico,Técnico,430.0,22.0,False,True,Neutral,-0.05,argentine,mexican,False,,False,True
INT-P5IUVA9HPZ1QVHYQ,2026-03-21 18:17:20,2026-03-21,CLI-0ESAWBAD37K0,AGT-2F6DCW7N6Q,Outbound Call,Phone,Transaccional,Transaccional,185.0,,False,True,Neutral,0.02,argentine,argentine,False,,False,True
INT-FSL2L9EWBPH2JC7S,2026-03-21 21:35:53,2026-03-21,CLI-YN2B224J6E2C,AGT-Q97AQ8XCJF,Inbound Call,Phone,Queja,Queja,393.0,81.0,False,True,Muy Negativo,-0.84,,,False,,False,True
INT-QKGIL8W5A3QUUXJL,2026-03-22 06:19:23,2026-03-21,CLI-EXBH8C8D76RP,AGT-WRGIA5DDCB,Inbound Call,Phone,Transaccional,Transaccional,65.0,159.0,True,False,Neutral,0.26,,,False,"PRD-6BIPPVX9BZ49,PRD-RJHRHT43DTZB",False,True
INT-OFWLACNSIOIOQA5V,2026-03-21 13:32:07,2026-03-21,CLI-6DNEPYEVV82C,AGT-S6T0KJTHIL,Inbound Call,Phone,Comercial,Comercial,150.0,141.0,True,False,Neutral,-0.12,,,False,PRD-X0WMA90CTR9U,False,True
INT-ELK0PT5WJAJISCNZ,2026-03-21 21:45:28,2026-03-21,CLI-U3QB0IWGJ44C,AGT-HGVZ3WILY5,Inbound Call,Phone,Transaccional,Transaccional,210.0,0.0,True,False,Neutral,-0.17,argentine,colombian,False,"PRD-E9AYNGQXXERQ,PRD-MLMHGOJBBJZP,PRD-6OLBKEKO0GBX",False,True
INT-DEYF4W1ZISRV29I3,2026-03-21 13:19:48,2026-03-21,CLI-RIUFHK8815NH,AGT-FMWA0M964M,Inbound Call,Phone,Producto,Producto,276.0,41.0,True,False,Negativo,-0.39,colombian,colombian,False,"PRD-ZTT55VJXE1SS,PRD-K3P36BRHABK7,PRD-HBHAH2AG795J",False,True
INT-VIPAFXLL3ZF96OF2,2026-03-21 19:49:47,2026-03-21,CLI-1ARJKBTGAARJ,AGT-Q4ZVLPZQ5R,Inbound Call,Phone,Queja,Queja,483.0,111.0,False,True,Muy Positivo,0.97,,,True,PRD-0JPGDFKEHK1F,False,True
INT-7BACGXOKAPLH2XD5,2026-03-21 21:35:17,2026-03-21,CLI-UNE94GSK8QS2,AGT-5DZNKOUR81,Inbound Call,Phone,Producto,Producto,502.0,159.0,True,False,Neutral,0.17,,,False,"PRD-EDC0K4UDYLH0,PRD-1ZRHLMPCWKIB,PRD-HB1V9U6FQOKF",False,True
INT-BNYCYSPEGTXBNTC3,2026-03-21 16:15:57,2026-03-21,CLI-TRKEZOOGYNF7,AGT-SYVTKOYKRR,Inbound Call,Phone,Transaccional,Transaccional,188.0,111.0,True,False,Neutral,0.29,,,False,,True,True
INT-I9FHIV8IIRS34JAZ,2026-03-21 18:17:08,2026-03-21,CLI-ZD08BSWSEYYR,AGT-DDPUZDGTDB,Inbound Call,Phone,Producto,Producto,366.0,72.0,True,False,Neutral,0.28,,,False,,False,True
INT-4FQXCX5NDP002ZLU,2026-03-22 07:35:58,2026-03-21,CLI-1G2AIG8C6QY0,AGT-7VLDSY7HW2,Inbound Call,Phone,Transaccional,Transaccional,492.0,180.0,True,True,Neutral,-0.06,mexican,mexican,False,,False,True
INT-4OPFRCJSXN3XV9JJ,2026-03-21 15:58:03,2026-03-21,CLI-VORWSJOEDYLE,AGT-6TVY644961,Inbound Call,Phone,Producto,Producto,235.0,133.0,True,False,Neutral,0.16,colombian,colombian,False,,True,True
INT-BCHL2A2PPH74J7U2,2026-03-21 21:44:27,2026-03-21,CLI-HXARWC4PAQMS,AGT-ODN9VO7OYD,Inbound Call,Phone,Comercial,Comercial,692.0,182.0,True,False,Neutral,0.28,,,False,"PRD-XYWB69X1QCPM,PRD-ENG4NNYU914Z,PRD-QICY783ZV6EJ",False,True
INT-JVT4TJKNN1KOLYEW,2026-03-21 13:02:34,2026-03-21,CLI-FFMG45LO7PE9,AGT-QO0HKV2FTI,Inbound Call,Phone,Producto,Producto,305.0,137.0,True,False,Neutral,0.17,,,False,,False,True
INT-EKYSAPLLOZKFI8TZ,2026-03-21 15:32:43,2026-03-21,CLI-DVN01AEGO3XS,AGT-PMTS32C7KD,Video,App,Técnico,Técnico,431.0,,False,True,Positivo,0.32,,,True,,True,True
INT-2X6Y5O75QNT2ATIY,2026-03-21 17:09:42,2026-03-21,CLI-7QNVA5NHYZG6,AGT-S2RR13SI24,Inbound Call,Phone,Transaccional,Transaccional,192.0,215.0,True,False,Neutral,0.28,,,False,,False,True
INT-QJOQT5B7UJGIH7MP,2026-03-22 03:04:06,2026-03-21,CLI-XDZ791YIPL05,AGT-1CPJD4QLU7,Inbound Call,Phone,Transaccional,Transaccional,156.0,132.0,True,False,Neutral,-0.08,,,False,PRD-3EIGNUX0I3LR,True,True
INT-59MJI92ED9SI07C2,2026-03-21 13:36:54,2026-03-21,CLI-7JH5U6QSUVE6,AGT-8OAKZ8LMXA,Inbound Call,Phone,Queja,Queja,240.0,124.0,True,False,Negativo,-0.45,colombian,colombian,True,,False,True
INT-35HV4KLYBJUR9DGL,2026-03-21 23:49:00,2026-03-21,CLI-S9BAEQOMSHOR,AGT-7XS8GUBKR1,Inbound Call,Phone,Queja,Queja,371.0,163.0,False,True,Muy Negativo,-0.91,,,False,,False,True
INT-A5VX148YFO1BRTFP,2026-03-22 05:10:17,2026-03-21,CLI-XX38I7THQ60V,AGT-I7L57PB0WE,Inbound Call,Phone,Transaccional,Transaccional,107.0,277.0,True,True,Neutral,0.19,mexican,colombian,False,,False,True
INT-RDJ6E6YREWBWB065,2026-03-22 06:54:11,2026-03-21,CLI-CNUZ032V7OQI,AGT-1G6T32CON1,Inbound Call,Phone,Producto,Producto,183.0,102.0,True,False,Neutral,-0.23,mexican,mexican,False,,False,True
INT-Y8A0504XA1ON65IS,2026-03-21 11:00:58,2026-03-21,CLI-PWAC3ZUFTUGA,AGT-UL2AKT2G17,Inbound Call,Phone,Transaccional,Transaccional,183.0,80.0,True,False,Neutral,-0.25,,,True,PRD-TUM5FJKFSCZ6,True,True
INT-BMT62DADRMHY7WAC,2026-03-21 17:05:40,2026-03-21,CLI-08737755POAN,AGT-PX17SVBBET,Inbound Call,Phone,Retención,Retención,728.0,105.0,True,False,Neutral,0.29,colombian,colombian,False,"PRD-P5UOHORUK1PD,PRD-SP6VRDXOQ3WB,PRD-OZGE5Z4NSXOT",False,True
INT-U28IJFB9HRS6S9JC,2026-03-21 17:16:07,2026-03-21,CLI-OXW6TC86XJJF,AGT-0Q4Z4AE9P2,Inbound Call,Phone,Producto,Producto,380.0,174.0,True,False,Negativo,-0.43,,,False,,False,True
INT-S73JR7VUJS2JQNAW,2026-03-21 20:42:25,2026-03-21,CLI-ZLCBFVKUUS33,AGT-GDSRHZRHQ7,Inbound Call,Phone,Producto,Producto,277.0,204.0,True,True,Neutral,-0.26,colombian,colombian,True,"PRD-01GGMWK2VUEJ,PRD-ATGCRKVAGYEB,PRD-O7S1O7BYZ1CI",False,True
INT-EM0HHD1ZEFGQU1U3,2026-03-21 09:19:36,2026-03-21,CLI-Z1EHX7YW3VQO,AGT-P76IVQDP9K,Chat,WhatsApp,Producto,Producto,,,True,False,Neutral,0.28,colombian,argentine,False,PRD-M1WE49CNXV9H,False,False
INT-LA1DR2J1O6YL3MUM,2026-03-21 14:53:08,2026-03-21,CLI-CR11WU866JKJ,AGT-LFX460UJ80,Inbound Call,Phone,Transaccional,Transaccional,155.0,161.0,True,False,Neutral,0.19,argentine,argentine,False,,False,True
INT-QA7SIX4FFZFP2OSF,2026-03-21 19:59:58,2026-03-21,CLI-TL48UQEGTDNE,AGT-XXSVZV4OUZ,Inbound Call,Phone,Transaccional,Transaccional,252.0,91.0,True,False,Neutral,-0.28,,,False,"PRD-JHH8E9O7NDXQ,PRD-W91VJOBSBLTV,PRD-40VLR0B7MY1F",False,True
INT-X8A72WG90M3S9UL8,2026-03-21 14:10:10,2026-03-21,CLI-IKV228TKMX54,AGT-8VKK9PHQ52,Email,Email,Retención,Retención,,,False,True,Neutral,-0.15,,,False,,False,False
INT-5E2ZGTCIHOFS73P8,2026-03-21 14:12:50,2026-03-21,CLI-MYS2UJH3FP0M,AGT-ZVUQVJGIOG,Inbound Call,Phone,Comercial,Comercial,864.0,203.0,False,True,Neutral,0.2,,,False,,False,True
INT-NS56RKZDJPVR4YN9,2026-03-21 19:27:55,2026-03-21,CLI-EL5V0AULZYTV,AGT-EDKK9VOD7F,Inbound Call,Phone,Producto,Producto,211.0,168.0,True,False,Negativo,-0.7,,,True,,False,True
INT-FH1TZEZSL0A47O8R,2026-03-22 00:38:58,2026-03-21,CLI-A5240J340O6D,AGT-LWI6FT9AYN,Outbound Call,Phone,Transaccional,Transaccional,147.0,,True,False,Neutral,0.11,argentine,mexican,False,"PRD-TGL91DK69ZH6,PRD-BAXA89DU4ZLN,PRD-95RVKA7TKF1Q",False,True
INT-D9XGOLSERZGN5JGT,2026-03-21 11:20:01,2026-03-21,CLI-NU7QL4RH7XIP,AGT-LW5BLOM0FA,Inbound Call,Phone,Técnico,Técnico,275.0,150.0,True,False,Neutral,0.06,colombian,colombian,False,,False,True
INT-LDBKSKRPM5M8Z9AA,2026-03-22 06:02:24,2026-03-21,CLI-EC2TY0FQW82Z,AGT-MAN3CDDLKC,Inbound Call,Phone,Comercial,Comercial,702.0,170.0,False,True,Positivo,0.32,colombian,colombian,False,"PRD-5RXIS4TRGCVJ,PRD-O8F0V0UVBOGU,PRD-L22J9EDK8RWD",False,True
INT-7RWKO1G9QHQ0S3VI,2026-03-22 01:54:05,2026-03-21,CLI-P76FQ18UQCWL,AGT-GSM38P7MQL,Inbound Call,Phone,Producto,Producto,303.0,145.0,False,True,Muy Negativo,-0.95,,,False,"PRD-97OZR0J5JY4K,PRD-6WCS89LQ6M7J",True,True
INT-41NYWSQQM8ER3L9H,2026-03-21 14:58:23,2026-03-21,CLI-SX5TUPT4O8VJ,AGT-9YCCQT0BUU,Outbound Call,Phone,Transaccional,Transaccional,30.0,,True,False,Neutral,-0.07,colombian,colombian,False,,True,True
INT-3TYKRJMNACDEBBA7,2026-03-22 06:37:06,2026-03-21,CLI-71PWVNH5R4RG,AGT-WTHHY9FLGT,Outbound Call,Phone,Transaccional,Transaccional,195.0,,True,False,Neutral,-0.03,mexican,mexican,False,,True,True
INT-Q86ZCO0AZ9AB50FD,2026-03-21 17:40:49,2026-03-21,CLI-YAZC9FQXSI4A,AGT-5VXKVZOWR5,Inbound Call,Phone,Queja,Queja,359.0,35.0,False,True,Neutral,-0.17,colombian,colombian,True,"PRD-LGGNYU0BG6VU,PRD-OFW8R3ESBIMM,PRD-3CQPN624GRGS",False,True
INT-C6A3HDSCUEEV0QD9,2026-03-21 18:12:57,2026-03-21,CLI-DWBZLJ3FY5ND,AGT-Q7BZNFI48C,Inbound Call,Phone,Técnico,Técnico,385.0,52.0,False,True,Muy Positivo,0.85,colombian,colombian,False,PRD-1ZKEBN70OSUK,False,True
INT-BUQM1AYFIKLA0QJR,2026-03-21 09:28:19,2026-03-21,CLI-BX4W5XJXCQ3T,AGT-19AY9LXE9C,Inbound Call,Phone,Técnico,Técnico,271.0,109.0,True,False,Positivo,0.49,,,False,,False,True
INT-6V3V3ZZVPDPUJRAJ,2026-03-22 03:41:05,2026-03-21,CLI-V9B6M5A0DM6M,AGT-6OQPU4LB3G,Email,Email,Técnico,Técnico,,,False,True,Neutral,0.04,argentine,mexican,False,PRD-91K8T21DYUDP,False,False
INT-2KBIKPUCWG5MJ9KW,2026-03-21 22:13:24,2026-03-21,CLI-CKNIX8U8DCOV,AGT-E7F95ZYZZ5,Inbound Call,Phone,Técnico,Técnico,325.0,51.0,True,False,Positivo,0.42,colombian,colombian,False,,True,True
INT-EHFIF12OXK6HE57Z,2026-03-21 09:58:43,2026-03-21,CLI-JR42XLRT3G47,AGT-NOB5KS50MS,Email,Email,Comercial,Comercial,,,True,False,Neutral,0.25,colombian,colombian,False,,True,False
INT-LMTSSIJUGL6PS2A1,2026-03-21 18:53:50,2026-03-21,CLI-2L1DA63RE7UU,AGT-Q47B8JI9Y1,Inbound Call,Phone,Comercial,Comercial,259.0,151.0,True,False,Positivo,0.39,colombian,mexican,False,PRD-7EIUBTCQJIZ3,True,True
INT-VXSX76A8TZ5VZYGO,2026-03-21 13:52:05,2026-03-21,CLI-80KIJUAXRTBR,AGT-5ANM4NA6WN,Inbound Call,Phone,Técnico,Técnico,213.0,183.0,True,False,Neutral,0.25,colombian,colombian,True,,True,True
INT-VNLV19UJWA0KLHTA,2026-03-21 19:17:01,2026-03-21,CLI-T8KJCNFVJPPI,AGT-RJBNP1WTLR,Inbound Call,Phone,Producto,Producto,349.0,116.0,True,False,Neutral,0.23,,,False,,False,True
INT-C9BIY3KUCDKPX7YQ,2026-03-22 03:02:24,2026-03-21,CLI-LSS7HBMO7QW4,AGT-NZLT43UWA8,Chat,WhatsApp,Transaccional,Transaccional,,,True,False,Neutral,0.08,colombian,argentine,False,,False,False
INT-AU1BNRTVVGWLWEQ5,2026-03-21 13:32:10,2026-03-21,CLI-O9JXK77LLD4L,AGT-0QS3PWRJNI,Chat,App,Queja,Queja,,,False,True,Positivo,0.6,mexican,mexican,False,,False,False
INT-PYH9EX025GKXGP0A,2026-03-21 09:16:19,2026-03-21,CLI-EQE2SI6U26AW,AGT-NIV1UCW44H,Outbound Call,Phone,Producto,Producto,187.0,,True,False,Muy Negativo,-0.77,colombian,colombian,True,,True,True
INT-0IHYPYYK4QDHOKE0,2026-03-21 10:56:19,2026-03-21,CLI-3JBCQIEBTEXS,AGT-TEJ4IKS7JJ,Outbound Call,Phone,Técnico,Técnico,199.0,,True,False,Negativo,-0.34,,,False,PRD-D32D5RW5TQ23,False,True
INT-UUBS326K2KU3EW91,2026-03-21 08:29:12,2026-03-21,CLI-6W0H2Q9V4QTV,AGT-XFI8BBQDEY,Inbound Call,Phone,Producto,Producto,161.0,51.0,True,False,Negativo,-0.47,argentine,argentine,True,"PRD-TKWBE2MDQEC4,PRD-TZ049XFL5SM5",False,True
INT-RJ6D6YV8CYG9X03Z,2026-03-22 07:26:08,2026-03-21,CLI-WRATM86HRKPM,AGT-TSMBWDEGRX,Inbound Call,Phone,Producto,Producto,209.0,68.0,True,False,Muy Positivo,0.88,mexican,mexican,False,,False,True
INT-HVK8TWMGDI39RSGI,2026-03-22 01:40:17,2026-03-21,CLI-PEJAYDCBO50O,AGT-BSQ85EHHBB,Inbound Call,Phone,Técnico,Técnico,264.0,195.0,True,False,Positivo,0.53,colombian,colombian,False,PRD-91Y8SUNRCYG1,False,True
INT-26ZOMXWR79QRFY6J,2026-03-21 14:34:23,2026-03-21,CLI-92SF3YB7ANRV,AGT-P6O3UZFIER,Inbound Call,Phone,Transaccional,Transaccional,182.0,74.0,True,False,Neutral,0.02,mexican,mexican,False,,False,True
INT-60FUTW5GGYY4QCJ8,2026-03-22 07:56:06,2026-03-21,CLI-3MCOXF3M74NQ,AGT-9PZ6W3LDGU,Inbound Call,Phone,Queja,Queja,234.0,0.0,False,True,Negativo,-0.43,mexican,mexican,False,,False,True
INT-PGZ2UHSFFXECW2V0,2026-03-22 07:27:41,2026-03-21,CLI-KB24S22ZV9OG,AGT-E1HYYKT3NN,Inbound Call,Phone,Queja,Queja,457.0,106.0,True,False,Negativo,-0.36,colombian,argentine,False,,False,True
INT-VA8OGF3098OUZPH5,2026-03-21 10:43:30,2026-03-21,CLI-1T88A7RUSQL2,AGT-9E9QSMOQK5,Chat,Web Chat,Producto,Producto,,,True,False,Neutral,-0.08,colombian,colombian,False,,False,False
INT-8D5RH6C28PTPP8ET,2026-03-21 08:37:13,2026-03-21,CLI-7LB27W34TWMU,AGT-VPHYTUW0MQ,Chat,WhatsApp,Técnico,Técnico,,,False,True,Negativo,-0.49,mexican,colombian,True,,False,False
INT-KYRO61CA9VRVMCRK,2026-03-21 17:09:47,2026-03-21,CLI-V9U45LNHFHRQ,AGT-7B0HRLOX7N,Inbound Call,Phone,Comercial,Comercial,515.0,201.0,False,True,Neutral,-0.19,,,False,,True,True
INT-GHUHI52SR8NZFSDP,2026-03-21 18:31:26,2026-03-21,CLI-NZU5LBYW0RKZ,AGT-RI0LZ2D6YJ,Email,Email,Queja,Queja,,,True,False,Negativo,-0.59,mexican,mexican,True,"PRD-HNNQZUMQ673Y,PRD-7DTVTU2LB1N1,PRD-2U1ORNR0N9XL",False,False
INT-YYK045XZT64TDR71,2026-03-21 08:25:36,2026-03-21,CLI-5ELODM81D3KB,AGT-3AHB2QOQ17,Email,Email,Queja,Queja,,,True,False,Positivo,0.31,mexican,mexican,True,,False,False
INT-A8EDMZGDCH8525IH,2026-03-22 01:29:44,2026-03-21,CLI-K8KDHI4BOUA4,AGT-6EUQGZ68XW,Inbound Call,Phone,Queja,Queja,463.0,117.0,False,True,Neutral,0.3,colombian,colombian,False,"PRD-ZZWBHU9WQ6R4,PRD-G7PE1MDGLH1O",False,True
INT-LAQAPPRUY7KKF6ZR,2026-03-21 11:18:06,2026-03-21,CLI-8NLBYFT43T14,AGT-HA58VTBBFQ,Inbound Call,Phone,Producto,Producto,372.0,27.0,False,True,Neutral,0.24,mexican,mexican,False,,False,True
INT-83AKFE2DK0G89595,2026-03-22 00:24:20,2026-03-21,CLI-IGK1ARHXIBXT,AGT-JZ4UT5EH9L,Inbound Call,Phone,Producto,Producto,284.0,65.0,True,False,Neutral,-0.11,,,False,PRD-RHMGVKMOJZUE,False,True
INT-TW8JQN4M7Q1B77XB,2026-03-22 06:34:57,2026-03-21,CLI-CE03EWEY9QYI,AGT-UKNCM0RXY5,Inbound Call,Phone,Producto,Producto,152.0,166.0,True,False,Negativo,-0.52,,,False,PRD-KLXE74FJL1Q3,False,True
INT-LSOMYFDJ5VOZPB6P,2026-03-22 05:35:07,2026-03-21,CLI-X2SUZ5F1Q54D,AGT-IRQJXHNJ9D,Inbound Call,Phone,Transaccional,Transaccional,121.0,117.0,True,False,Neutral,-0.13,mexican,mexican,False,"PRD-LRRMNG3GYX2B,PRD-UMHCXBYVA5IN",False,True
INT-XZOO09P1GAF6RWDC,2026-03-21 15:45:53,2026-03-21,CLI-K6M1IEMUCS7Q,AGT-A32ZNV9PWA,Chat,App,Producto,Producto,,,True,True,Negativo,-0.35,colombian,colombian,False,PRD-B8DUUKDP3PW1,True,False
INT-9M7S31WJVN0M09ME,2026-03-22 05:18:17,2026-03-21,CLI-HRHJND9F6LKE,AGT-9G892RO3CJ,Outbound Call,Phone,Producto,Producto,194.0,,True,False,Neutral,0.13,argentine,argentine,False,"PRD-23P6FH6OQVLA,PRD-1CZZVPKV85JD,PRD-F93L43QXA8FO",True,True
INT-6JWNBQTJJDHUX79A,2026-03-21 10:42:55,2026-03-21,CLI-IFAOSKN3D6Y4,AGT-EUE2HDH3QQ,Inbound Call,Phone,Producto,Producto,135.0,138.0,True,False,Muy Negativo,-0.84,argentine,argentine,False,"PRD-WR62EDEQ75V0,PRD-0DCV37CANY3M",False,True
INT-YND5M5VUEYR2S8X8,2026-03-21 11:08:49,2026-03-21,CLI-D0P831VOT9J5,AGT-MVYH7DKNEH,Inbound Call,Phone,Producto,Producto,341.0,97.0,True,False,Neutral,-0.25,,,False,,True,True
INT-U0ZSBK13CGSNM3RJ,2026-03-21 21:57:13,2026-03-21,CLI-S0M0HI2QWKQK,AGT-7QOULFMSTS,Inbound Call,Phone,Transaccional,Transaccional,270.0,101.0,True,False,Neutral,-0.1,,,True,,False,True
INT-MX9F9HIMO55UVSBQ,2026-03-22 02:14:05,2026-03-21,CLI-PG1Q6CNNA54X,AGT-36I8H8V3IO,Inbound Call,Phone,Transaccional,Transaccional,154.0,244.0,True,False,Neutral,0.14,argentine,colombian,False,,False,True
INT-ZY8A5EIG8NNANMGF,2026-03-21 23:55:01,2026-03-21,CLI-UZ9H7G8OFVQE,AGT-7ID1M83527,Chat,Web Chat,Producto,Producto,,,True,True,Neutral,-0.18,colombian,colombian,True,"PRD-0YFRY0HASTYA,PRD-2F0GC1JPT6CD",False,False
INT-BVFWW1ZC6GGLV4R7,2026-03-22 00:30:33,2026-03-21,CLI-NKCW3KFXS4MY,AGT-ZGQ4FYLRK2,Inbound Call,Phone,Transaccional,Transaccional,108.0,25.0,True,False,Neutral,0.06,,,False,,False,True
INT-1PTJXJSR7BT63JCH,2026-03-22 04:09:26,2026-03-21,CLI-6T2W71F7LY6U,AGT-OJD399EZD8,Outbound Call,Phone,Transaccional,Transaccional,240.0,,True,False,Neutral,-0.26,mexican,mexican,False,PRD-K01ZOEGSCYBH,True,True
INT-3H4LTYYGPMIX718D,2026-03-22 05:01:38,2026-03-21,CLI-8GN2PBSRN218,AGT-L9LMIGUHNZ,Outbound Call,Phone,Transaccional,Transaccional,202.0,,False,True,Neutral,0.24,,,True,"PRD-PNEOC8HLVLFP,PRD-Y0PM934HB7OQ",True,True
INT-EW8U11UVAHHBPQ91,2026-03-21 22:36:36,2026-03-21,CLI-36OFSYDEE7ZV,AGT-8431PDCJHS,Inbound Call,Phone,Producto,Producto,319.0,168.0,True,True,Neutral,0.06,argentine,argentine,False,,False,True
INT-A2YX05UH55G4OGTO,2026-03-22 07:40:59,2026-03-21,CLI-Y0IHMZLI7PUH,AGT-3SNWBE3W3Y,Inbound Call,Phone,Transaccional,Transaccional,163.0,193.0,True,False,Neutral,-0.02,,,False,,False,True
INT-LOJ1HCZ8ZGOEZ83Z,2026-03-21 17:06:08,2026-03-21,CLI-SJGQPKDM8CZ3,AGT-TSMQUDNLVQ,Inbound Call,Phone,Queja,Queja,426.0,77.0,False,True,Negativo,-0.6,argentine,colombian,False,,False,True
INT-2N9GSYGF6218KBGH,2026-03-21 21:53:06,2026-03-21,CLI-ZEIHFJUCFTK7,AGT-VFOW1SAD5J,Inbound Call,Phone,Producto,Producto,250.0,149.0,True,True,Negativo,-0.32,,,False,,False,True
INT-JP2IJXKN3EJY54VI,2026-03-22 04:03:37,2026-03-21,CLI-H28ZIYHF6HY7,AGT-WI5ZDHCEPB,Inbound Call,Phone,Técnico,Técnico,585.0,222.0,False,True,Positivo,0.34,colombian,mexican,False,"PRD-JU4OZP8NOH9R,PRD-377Y3Y1QTR68,PRD-VVCRC73PCJNS",False,True
INT-V7F3JX5I1EMQFI67,2026-03-22 00:14:59,2026-03-21,CLI-D4X026P0MVS6,AGT-DTAYXVOKPJ,Inbound Call,Phone,Producto,Producto,258.0,60.0,True,False,Negativo,-0.31,,,False,,False,True
INT-PHD1KUR5B3Q6N2UT,2026-03-21 17:32:56,2026-03-21,CLI-RW0CMAA6AXEO,AGT-R1TFEUGKSY,Inbound Call,Phone,Transaccional,Transaccional,100.0,172.0,False,True,Neutral,0.23,argentine,argentine,False,,False,True
INT-KX0S3HFOOTB1SHV9,2026-03-22 04:26:06,2026-03-21,CLI-GR0LOVG1M1VB,AGT-RZPZ4QXWMO,Inbound Call,Phone,Transaccional,Transaccional,236.0,157.0,True,False,Neutral,0.27,,,False,"PRD-VKU5EFUJ8BQ2,PRD-YSJFTBIA3GCG",False,True
INT-W52G3ZS1BYQQCEE7,2026-03-21 12:25:16,2026-03-21,CLI-A8P8AQ0W8ZSY,AGT-QMHTY08PP0,Inbound Call,Phone,Comercial,Comercial,597.0,170.0,True,False,Muy Negativo,-0.76,colombian,colombian,False,,False,True
INT-8SXTLD6QTPXS047Y,2026-03-22 00:04:51,2026-03-21,CLI-E3HF5C93NBBV,AGT-BIJKQ265S8,Inbound Call,Phone,Transaccional,Transaccional,173.0,141.0,True,False,Neutral,-0.1,colombian,colombian,False,PRD-E0L2285DKR8K,False,True
INT-XAC5TVRF8QPE5943,2026-03-22 01:27:34,2026-03-21,CLI-CD6CQQTQD449,AGT-E76DUY8F1G,Outbound Call,Phone,Transaccional,Transaccional,246.0,,True,False,Neutral,0.11,argentine,argentine,False,,False,True
INT-WM5BV2CV397B082X,2026-03-21 10:24:26,2026-03-21,CLI-8E9OMH4ZC5OM,AGT-G70AXC3MAP,Chat,Web Chat,Producto,Producto,,,True,False,Muy Positivo,0.96,mexican,mexican,False,"PRD-RW5S5X5C4T5F,PRD-BN3UQQWQEH7C,PRD-ZNLQ3E8GHU3T",False,False
INT-FJFMN2IGCU4I78L2,2026-03-22 04:58:00,2026-03-21,CLI-2OD4SXT05SMN,AGT-MVYH7DKNEH,Inbound Call,Phone,Comercial,Comercial,296.0,23.0,True,True,Negativo,-0.5,mexican,mexican,False,,False,True
INT-96JA50S19ZX24X2B,2026-03-22 05:50:23,2026-03-21,CLI-NKJ2W49M6Q7S,AGT-FIFKWZ2CD9,Chat,Web Chat,Técnico,Técnico,,,True,False,Neutral,-0.29,colombian,colombian,False,"PRD-RNWOFH1L7LEX,PRD-P7U7L502ZFY4",True,False
INT-A164WYV4UA4M5S7I,2026-03-21 15:41:32,2026-03-21,CLI-CBIP5E4WME7L,AGT-FA9EKIAVXG,Chat,Web Chat,Técnico,Técnico,,,True,True,Positivo,0.43,argentine,colombian,False,,False,False
INT-K00NOBRTK1RM7NZC,2026-03-22 03:43:10,2026-03-21,CLI-1D3ND37DTFYU,AGT-E0B7SL6ZCI,Inbound Call,Phone,Transaccional,Transaccional,185.0,213.0,True,False,Neutral,0.05,mexican,mexican,True,,False,True
INT-D9WXSHJUFT371Z39,2026-03-21 22:32:01,2026-03-21,CLI-LDKC70N2AN3B,AGT-7XMY5AHEK5,Inbound Call,Phone,Transaccional,Transaccional,176.0,140.0,True,False,Neutral,-0.06,mexican,argentine,True,,False,True
INT-J7SSK7PZCKMII1LS,2026-03-21 17:52:31,2026-03-21,CLI-K30MSXM4B5S3,AGT-M6MXQC9YHN,Inbound Call,Phone,Comercial,Comercial,571.0,131.0,False,True,Positivo,0.5,colombian,colombian,False,,False,True
INT-ZGZ8QU9GYPZTW5V9,2026-03-21 11:40:24,2026-03-21,CLI-XIIE6UHOQFB1,AGT-1C2ZX2X1ER,Chat,Web Chat,Transaccional,Transaccional,,,True,False,Neutral,-0.17,,,False,,False,False
INT-AUAU6UJ0ELJVRMX9,2026-03-22 03:13:35,2026-03-21,CLI-QFKNV0NUE4EX,AGT-ZGD5FBXG7L,Chat,App,Transaccional,Transaccional,,,True,False,Neutral,-0.14,,,False,"PRD-S8DH6AEJSBRY,PRD-XSLK6NN6MWEM",True,False
INT-40WWSKTQVFSC2SBY,2026-03-21 11:13:25,2026-03-21,CLI-NQ53DDO7X8TG,AGT-FQEW7VBTN5,Chat,App,Transaccional,Transaccional,,,True,False,Neutral,-0.22,argentine,argentine,False,,True,False
INT-A6MGH5BKHUNSRO5K,2026-03-21 22:09:43,2026-03-21,CLI-UYLF558K1HGH,AGT-OJD399EZD8,Inbound Call,Phone,Transaccional,Transaccional,187.0,71.0,True,False,Neutral,0.21,colombian,colombian,False,"PRD-1U6P285IDBY3,PRD-SWU2QR54O882",True,True
INT-EPCLQYEC7QPLUNDE,2026-03-21 20:06:21,2026-03-21,CLI-RE1V4AY3TBLZ,AGT-IZHTXLTYWZ,Inbound Call,Phone,Producto,Producto,286.0,165.0,True,False,Neutral,-0.16,mexican,mexican,True,,False,True
INT-YCYIE4N4G3NVPXPQ,2026-03-21 12:44:08,2026-03-21,CLI-0RLXDC8DV2LY,AGT-VT6AB8ZSIS,Chat,WhatsApp,Transaccional,Transaccional,,,True,False,Neutral,-0.28,mexican,mexican,False,PRD-WX3APEIM0QMD,True,False
INT-S2JMMHO9SQDVKWDD,2026-03-21 16:03:03,2026-03-21,CLI-OKO3GG2CLC71,AGT-3YUKYZO91R,Inbound Call,Phone,Producto,Producto,279.0,33.0,True,False,Neutral,0.23,,,False,,False,True
INT-CUUSH95U8GA0H3C6,2026-03-22 04:42:31,2026-03-21,CLI-TQZD1CHWQRAG,AGT-9GUU6STJO8,Outbound Call,Phone,Transaccional,Transaccional,164.0,,True,False,Neutral,0.21,,,False,,False,True
INT-VSTSJ8L3HWQ0AF49,2026-03-21 14:50:21,2026-03-21,CLI-X82H9DMD4D63,AGT-DJ2LBQOGP3,Inbound Call,Phone,Transaccional,Transaccional,192.0,0.0,True,False,Neutral,0.02,colombian,colombian,False,"PRD-RQ2RXU05RO42,PRD-L2JMNAHQWPDT,PRD-VNHVLDC3KLFX",False,True
INT-1ZCFS01FYJ46WI8F,2026-03-21 18:06:54,2026-03-21,CLI-S1YXPOA1D4VT,AGT-TT0NFU4K2U,Outbound Call,Phone,Transaccional,Transaccional,290.0,,True,True,Neutral,-0.01,argentine,argentine,False,,True,True
INT-6L9NPOK1WFQQ9U0F,2026-03-21 10:49:53,2026-03-21,CLI-E4VK5MGWHVLN,AGT-P7UOO1A7J0,Outbound Call,Phone,Transaccional,Transaccional,189.0,,True,False,Neutral,-0.26,,,False,,False,True
INT-G3MNFD5A387C534N,2026-03-21 21:20:29,2026-03-21,CLI-LHV5Z82YPXEA,AGT-5PP7O7ZE96,Inbound Call,Phone,Técnico,Técnico,353.0,56.0,False,True,Muy Positivo,0.99,,,False,"PRD-5XU43WCAMM8T,PRD-B5GKCMRP47QY,PRD-KHWTWIIXOQ9C",False,True
INT-C1NVRIFE7BQM4OEN,2026-03-21 10:26:17,2026-03-21,CLI-NVN529CQBIDN,AGT-UOZ8AQRBQL,Chat,Web Chat,Transaccional,Transaccional,,,True,False,Neutral,-0.26,colombian,mexican,False,PRD-OJL4DY24CZGN,False,False
INT-1MGTUIFOZR6XQUOU,2026-03-22 07:51:02,2026-03-21,CLI-78QBNJ8CS3PN,AGT-FDD67YH842,Chat,Web Chat,Transaccional,Transaccional,,,True,False,Neutral,0.17,colombian,colombian,False,,False,False
INT-SB11CCIWDM9M32U4,2026-03-21 08:07:09,2026-03-21,CLI-V39K80NQHB5P,AGT-L0XIIP9UA9,Outbound Call,Phone,Producto,Producto,68.0,,True,False,Neutral,0.2,,,False,PRD-71N0V64BKAPR,False,True
INT-I5QJNZZPL23ORBQ3,2026-03-21 08:56:50,2026-03-21,CLI-8JG77NQJIPP0,AGT-DWXSXT9OP1,Inbound Call,Phone,Queja,Queja,312.0,190.0,True,False,Neutral,-0.2,argentine,colombian,False,PRD-K3I80JP2J77L,False,True
INT-WM2OCGHKVNFZYUGZ,2026-03-21 20:32:54,2026-03-21,CLI-TCYHAXYBDNAC,AGT-E46F2FQTOO,Inbound Call,Phone,Transaccional,Transaccional,198.0,233.0,True,False,Neutral,-0.15,mexican,mexican,False,,False,True
INT-O0ZTSE2FNQ8D63SR,2026-03-21 12:25:11,2026-03-21,CLI-E14PIGP37530,AGT-1NDHML17P0,Inbound Call,Phone,Queja,Queja,378.0,262.0,True,False,Negativo,-0.4,argentine,argentine,False,"PRD-HVE6SI13WUFT,PRD-VOE0PPF7JZJS,PRD-9JW3RY8M98W4",True,True
INT-1D1YBDAROY1AOBUK,2026-03-22 00:03:27,2026-03-21,CLI-LR5QWZRDYDWC,AGT-ADGK54K2NI,Inbound Call,Phone,Producto,Producto,272.0,149.0,True,False,Muy Negativo,-0.92,argentine,colombian,False,PRD-I7FD3I9G4AE9,False,True
INT-8GQNUDJ8FJWMXH6D,2026-03-22 00:17:02,2026-03-21,CLI-WT342WUI78A5,AGT-YF9RO3EJZU,Inbound Call,Phone,Queja,Queja,324.0,169.0,False,True,Negativo,-0.7,colombian,colombian,False,,False,True
INT-UIF7P9MR91OUM4HP,2026-03-21 20:34:58,2026-03-21,CLI-8S12322A39NH,AGT-CG3PF9BZHZ,Inbound Call,Phone,Técnico,Técnico,391.0,71.0,True,False,Muy Negativo,-0.94,mexican,mexican,True,"PRD-DW03OOVSW1DN,PRD-6DJUJLA16GFZ,PRD-JT5RMG5MGWUK",True,True
INT-CIKBU4K4V5UVUY35,2026-03-21 19:07:44,2026-03-21,CLI-T3ZRNSOUFJCD,AGT-RJBNP1WTLR,Inbound Call,Phone,Transaccional,Transaccional,166.0,212.0,False,True,Neutral,-0.05,mexican,colombian,True,,True,True
INT-FPWCKI4Y3HRZ6J92,2026-03-22 01:25:21,2026-03-21,CLI-LUC91Z5OE1D9,AGT-QZBFN7LRWT,Outbound Call,Phone,Retención,Retención,524.0,,False,True,Muy Negativo,-0.85,,,False,,True,True
INT-MPQBLA6NJTQGNA1V,2026-03-21 09:55:58,2026-03-21,CLI-53UN3NLEN3UM,AGT-RQYFERL0UI,Outbound Call,Phone,Producto,Producto,159.0,,True,False,Neutral,-0.05,argentine,argentine,False,,False,True
INT-XTU1FCE2M2BWY2GA,2026-03-22 01:46:06,2026-03-21,CLI-9TH7S2QY0M5Y,AGT-5PP7O7ZE96,Inbound Call,Phone,Transaccional,Transaccional,239.0,142.0,True,False,Neutral,-0.22,,,False,,False,True
INT-IBYU1KHYD23L0HJM,2026-03-21 20:35:56,2026-03-21,CLI-LEUCDBE2DRQS,AGT-NQ6WIG9OWH,Inbound Call,Phone,Comercial,Comercial,472.0,104.0,True,False,Muy Negativo,-0.9,colombian,mexican,False,,True,True
INT-W11F5KVW8BC4L1VD,2026-03-22 01:56:48,2026-03-21,CLI-D7XXRU4J7UO3,AGT-1EML73X1U8,Inbound Call,Phone,Queja,Queja,439.0,127.0,True,False,Negativo,-0.46,,,False,,False,True
INT-3T2DFDKX753MZTNH,2026-03-21 22:02:44,2026-03-21,CLI-44IF2AQIESLB,AGT-KQP4TBDPA5,Inbound Call,Phone,Queja,Queja,212.0,78.0,False,True,Negativo,-0.42,,,False,,True,True
INT-TPO7BHA9Q5KA2PZW,2026-03-21 13:36:40,2026-03-21,CLI-ES2213ZPVN0R,AGT-NFMDK0WJ3N,Inbound Call,Phone,Producto,Producto,185.0,222.0,True,False,Neutral,-0.1,mexican,mexican,False,"PRD-PYVLR422L92L,PRD-QOTMU9D0JFHE,PRD-UCS759HJHBMB",False,True
INT-GC24JL4UXHKPYALV,2026-03-21 16:22:47,2026-03-21,CLI-TWNUT258VSVG,AGT-KUIILLCOPA,Inbound Call,Phone,Transaccional,Transaccional,274.0,71.0,True,False,Neutral,0.19,mexican,argentine,False,,False,True
INT-V5YMZHDIJOS5CODU,2026-03-21 08:13:25,2026-03-21,CLI-T3P91UNXUKMA,AGT-FIE8TXT3PM,Email,Email,Comercial,Comercial,,,True,True,Negativo,-0.36,,,False,"PRD-283P9STOUW7B,PRD-DR3IXPXG44RV,PRD-WRW67TIVKGC6",False,False
INT-8HN8QD2R1UEJCPLT,2026-03-21 23:15:14,2026-03-21,CLI-QNE3FDRHSQOZ,AGT-SA46XLUYJF,Chat,WhatsApp,Transaccional,Transaccional,,,True,False,Neutral,0.02,argentine,colombian,False,,False,False
INT-EDWRSNSK7M8Y4BOQ,2026-03-22 07:40:35,2026-03-21,CLI-Y74CC6V9396A,AGT-I2PACZNZ4Y,Inbound Call,Phone,Producto,Producto,324.0,155.0,False,True,Neutral,-0.17,mexican,mexican,False,"PRD-SIRBF7E4WGP9,PRD-0JYG1ZKLJV3F",False,True
INT-D7YOG2M54HWMS3QJ,2026-03-22 07:58:02,2026-03-21,CLI-SUURFLZ7HIMR,AGT-MQRF3372LI,Inbound Call,Phone,Producto,Producto,295.0,119.0,True,True,Neutral,0.09,colombian,colombian,False,,True,True
INT-WCM65GFDEOPE1SVD,2026-03-21 21:35:20,2026-03-21,CLI-MWZGXIU5KX17,AGT-CQBSB9AUGV,Inbound Call,Phone,Técnico,Técnico,616.0,144.0,True,False,Neutral,-0.24,colombian,mexican,False,,False,True
INT-TS91URCEP0LZ7LZS,2026-03-21 17:40:37,2026-03-21,CLI-7T0SFPR4LQS2,AGT-PIKPFEQPIH,Inbound Call,Phone,Transaccional,Transaccional,202.0,180.0,True,False,Neutral,-0.23,mexican,mexican,False,"PRD-04B2VOC41I2U,PRD-YUOVO3KJX0PY",True,True
INT-YU7BBGNUYCT4ZWK0,2026-03-22 04:17:07,2026-03-21,CLI-H44G6F8N4WT4,AGT-IAQDBO398N,Inbound Call,Phone,Queja,Queja,498.0,159.0,False,True,Neutral,0.19,argentine,colombian,False,"PRD-9ZBRYR2S2760,PRD-3YYGZZ53WC91",False,True
INT-QPUH5NFQBSME7B1F,2026-03-21 20:40:55,2026-03-21,CLI-YLP3I9ST8ERI,AGT-W4AYW4BGI9,Inbound Call,Phone,Queja,Queja,450.0,1.0,True,False,Positivo,0.34,mexican,colombian,False,PRD-YI8VL9FG0TBT,True,True
INT-IX25RTMNFW78WAH3,2026-03-21 12:20:02,2026-03-21,CLI-CJAD1KMLQ4X6,AGT-GBHL3XZPKH,Inbound Call,Phone,Técnico,Técnico,397.0,163.0,False,True,Neutral,-0.02,mexican,mexican,False,"PRD-T839ONUK0P3O,PRD-1LGF01V1K658,PRD-ZSN0X1EQPDWP",False,True
INT-RKBNCQ0174R2M3X5,2026-03-21 20:55:24,2026-03-21,CLI-ERT8GWTXNPAR,AGT-9YCCQT0BUU,Inbound Call,Phone,Queja,Queja,314.0,68.0,True,False,Neutral,0.13,colombian,colombian,False,,False,True
INT-ZVVPNQPWF7T45ZF9,2026-03-22 00:05:42,2026-03-21,CLI-PPRTGNONGUSY,AGT-29JHQCW7PX,Inbound Call,Phone,Producto,Producto,245.0,169.0,True,True,Neutral,0.0,mexican,mexican,False,,False,True
INT-TZD4RFL2YV6ZM5ME,2026-03-21 15:17:03,2026-03-21,CLI-Y9BU3VONQ8SS,AGT-YIGWTTH6CK,Chat,WhatsApp,Técnico,Técnico,,,False,True,Negativo,-0.47,argentine,argentine,False,,False,False
INT-JU5MIF5WIBK3OZME,2026-03-21 11:44:10,2026-03-21,CLI-H37C3FH98SHE,AGT-JCQPNEURE8,Inbound Call,Phone,Técnico,Técnico,516.0,89.0,False,True,Neutral,0.25,argentine,colombian,False,,True,True
INT-4WH21PTU0OF0L3U4,2026-03-21 19:41:14,2026-03-21,CLI-OBXA1XBJBC2O,AGT-G18BLCU91K,Inbound Call,Phone,Transaccional,Transaccional,171.0,115.0,True,False,Neutral,-0.2,mexican,colombian,False,PRD-9GFSPHO8BA5O,False,True
INT-WHPV3MGSTS91Y4NI,2026-03-22 05:31:02,2026-03-21,CLI-2S6M5KJXY2V3,AGT-83LR6Q5GXW,Inbound Call,Phone,Queja,Queja,764.0,211.0,False,True,Positivo,0.58,mexican,argentine,False,"PRD-1UTMXL3R9K7L,PRD-69Y9ZDYHMIP3",True,True
INT-SUI663LBJYILUHQQ,2026-03-22 04:35:48,2026-03-21,CLI-L4D5OJL2SXHS,AGT-UUSZMROO8J,Inbound Call,Phone,Transaccional,Transaccional,162.0,129.0,True,False,Neutral,-0.11,argentine,argentine,False,"PRD-90I5QOA0BE3P,PRD-NLA4FR66X0SL,PRD-OD3QAZ11XV1U",False,True
INT-MMEFPIOBT8ORLAKD,2026-03-21 09:51:15,2026-03-21,CLI-VKVJPJ7MSSLR,AGT-M6VA6EL960,Outbound Call,Phone,Producto,Producto,235.0,,True,False,Neutral,0.29,mexican,mexican,False,,False,True
INT-3UF7KXS8JUSE2YGS,2026-03-21 14:25:58,2026-03-21,CLI-VERRYRFELODY,AGT-SYVTKOYKRR,Inbound Call,Phone,Transaccional,Transaccional,300.0,123.0,True,False,Neutral,0.06,,,False,"PRD-GQALV4T2VA6S,PRD-L5K7AJ5SHJH9",True,True
INT-3GPH1GEDICN5EZLD,2026-03-22 00:37:50,2026-03-21,CLI-HPPZ6M75DEZJ,AGT-O48SLVX738,Inbound Call,Phone,Queja,Queja,485.0,192.0,True,False,Neutral,0.02,colombian,colombian,False,,False,True
INT-2EP5PP0WVUVZBHIC,2026-03-21 18:41:48,2026-03-21,CLI-TM9GTGKWWTES,AGT-V6HEZNUZJC,Inbound Call,Phone,Producto,Producto,267.0,186.0,True,False,Positivo,0.5,mexican,mexican,False,,False,True
INT-HK8U5PZLK3XTBD33,2026-03-21 11:18:37,2026-03-21,CLI-VSH1T1I5876S,AGT-43DO0TIZK2,Inbound Call,Phone,Queja,Queja,342.0,85.0,False,True,Muy Positivo,0.88,,,False,,True,True
INT-W3WMS4JAXWIYI4HR,2026-03-22 07:26:13,2026-03-21,CLI-HW48I89KUEGH,AGT-QZGRW0TABQ,Inbound Call,Phone,Queja,Queja,505.0,193.0,True,False,Neutral,0.16,colombian,mexican,True,,True,True
INT-TS2RD2VDGOSKE9RE,2026-03-22 02:42:32,2026-03-21,CLI-XVSPD0HEM4CR,AGT-ADGK54K2NI,Inbound Call,Phone,Técnico,Técnico,462.0,178.0,True,True,Muy Negativo,-0.74,argentine,colombian,False,,False,True
INT-FFQZIV324ZHUVIRB,2026-03-21 08:45:48,2026-03-21,CLI-HFONL3MGHWUL,AGT-ISFC80OYCB,Inbound Call,Phone,Queja,Queja,451.0,194.0,False,True,Neutral,0.07,,,False,,False,True
INT-LFOH5FS7AXL5SVFO,2026-03-21 20:58:44,2026-03-21,CLI-7IKT4W1FE53G,AGT-30XROFW4ZA,Inbound Call,Phone,Queja,Queja,354.0,208.0,True,False,Neutral,0.3,mexican,mexican,False,,False,True
INT-ZM1J02NV7A0H8LM0,2026-03-21 10:49:55,2026-03-21,CLI-BX29MHPKO2TE,AGT-XJKBDG6BI7,Email,Email,Transaccional,Transaccional,,,True,False,Neutral,-0.1,mexican,argentine,False,PRD-8ZC9R18MLVQL,False,False
INT-96U676GZK74XRQRH,2026-03-21 08:52:20,2026-03-21,CLI-6XSWE0VQ9HIR,AGT-SJB0SX5YBM,Inbound Call,Phone,Transaccional,Transaccional,221.0,190.0,True,False,Neutral,0.04,colombian,colombian,True,"PRD-LT4FMPR503GB,PRD-79IC0RDQR37R",True,True
INT-M0872Q1DM322T9P4,2026-03-22 00:21:07,2026-03-21,CLI-G3B0WKA6VTXY,AGT-C1BYBSUMTP,Inbound Call,Phone,Transaccional,Transaccional,251.0,78.0,True,False,Neutral,-0.17,colombian,colombian,False,"PRD-KJ2CG0C2LYU1,PRD-HOUHJ54WC68Y",True,True
INT-AXV7GMELZARMZUSA,2026-03-21 21:26:38,2026-03-21,CLI-OUOKG8CM1ESH,AGT-OPWHZ8YA2C,Outbound Call,Phone,Producto,Producto,187.0,,True,False,Neutral,-0.13,argentine,argentine,False,,True,True
INT-2TJUXXPL7ASHHSVI,2026-03-21 08:56:17,2026-03-21,CLI-UNWCJQB0RGHS,AGT-3SNWBE3W3Y,Inbound Call,Phone,Técnico,Técnico,296.0,126.0,True,False,Negativo,-0.48,argentine,argentine,True,,True,True
INT-DUR8ARHQZQ5CNHE5,2026-03-22 00:52:32,2026-03-21,CLI-PGPT1KBGZ6HA,AGT-3XH8D0QLBH,Inbound Call,Phone,Técnico,Técnico,446.0,0.0,True,False,Negativo,-0.33,argentine,argentine,False,"PRD-BD2NW5NCY34S,PRD-CAQNQH0Z7LZB",False,True
INT-BDWRF1AQ8XRVAVL4,2026-03-22 07:50:57,2026-03-21,CLI-T8C4F3OZG2DF,AGT-NN9QB41DVS,Outbound Call,Phone,Producto,Producto,417.0,,True,False,Neutral,-0.02,colombian,colombian,False,,True,True
INT-3XHM8BZ0CSCV3K7N,2026-03-21 21:41:58,2026-03-21,CLI-RV10JN6B583Y,AGT-PTWKYK487N,Outbound Call,Phone,Producto,Producto,196.0,,True,False,Neutral,-0.14,mexican,mexican,False,,False,True
INT-397SUOLCGJ3WVJMT,2026-03-21 09:25:21,2026-03-21,CLI-V1G95D3A7E1P,AGT-8NE8GSGUG4,Inbound Call,Phone,Transaccional,Transaccional,353.0,118.0,True,True,Neutral,0.19,,,False,,False,True
INT-W8EP8HKMZ1YL1ZN1,2026-03-21 11:05:52,2026-03-21,CLI-Y9KLO6MN69LN,AGT-NANM3Y8BT5,Inbound Call,Phone,Producto,Producto,245.0,50.0,True,False,Neutral,0.23,,,False,PRD-C5UYG3W6N3ZV,False,True
INT-JM78TP9XMX08KL9D,2026-03-21 11:34:25,2026-03-21,CLI-3GVYADWQ3YJH,AGT-NO19RXC65N,Inbound Call,Phone,Transaccional,Transaccional,210.0,76.0,True,False,Neutral,-0.03,mexican,mexican,False,"PRD-N1W5FD8DGMXP,PRD-1JLQ498OVPZ6",True,True
INT-GY5BMQH1QVE7OZE7,2026-03-22 05:26:53,2026-03-21,CLI-742JQT9D6W2H,AGT-0YP9IMVFG1,Outbound Call,Phone,Queja,Queja,955.0,,False,True,Neutral,-0.07,,,False,,False,True
INT-M3O0SLP5L7QI3QT1,2026-03-21 11:54:19,2026-03-21,CLI-K129IZ76QT88,AGT-2GSO6ODA8L,Chat,Web Chat,Producto,Producto,,,True,True,Positivo,0.37,mexican,mexican,False,,True,False
INT-2IAHOUMJ13CGXNE8,2026-03-22 02:17:01,2026-03-21,CLI-XSP5C067UZVT,AGT-BNRGY5W9D6,Inbound Call,Phone,Transaccional,Transaccional,84.0,56.0,True,False,Neutral,0.13,colombian,colombian,False,,False,True
INT-X83A9VKJGM1XZEM6,2026-03-22 06:30:36,2026-03-21,CLI-114DBVK1Q036,AGT-BH4XF8YM49,Outbound Call,Phone,Producto,Producto,352.0,,False,True,Muy Positivo,0.88,argentine,argentine,False,"PRD-E2I83IA06P6F,PRD-DVZ8WFVER6GN,PRD-WBBFVHKOYLQZ",False,True
INT-9UDNU53GR3EC5OTE,2026-03-21 14:26:43,2026-03-21,CLI-BXO940CXKXO5,AGT-3D7OE6TIIB,Chat,Web Chat,Producto,Producto,,,True,False,Negativo,-0.56,mexican,mexican,False,,False,False
INT-312KOPJFL35TZ41I,2026-03-21 19:34:44,2026-03-21,CLI-ALJYJII64UHY,AGT-MOMHH0J0J9,Chat,WhatsApp,Queja,Queja,,,False,True,Neutral,0.04,,,False,,True,False
INT-H66EY62E99EYC96Q,2026-03-21 15:01:07,2026-03-21,CLI-WYAR08PCX1TL,AGT-54VUKA8638,Inbound Call,Phone,Técnico,Técnico,602.0,62.0,False,True,Muy Negativo,-0.9,argentine,argentine,False,,False,True
INT-MAKVZBRKXGOOX7S5,2026-03-21 16:07:47,2026-03-21,CLI-K7JFI06ZSV1P,AGT-2F6DCW7N6Q,Inbound Call,Phone,Queja,Queja,375.0,154.0,False,True,Neutral,-0.11,mexican,mexican,False,,False,True
INT-UGZQ3JAPF44H3IUH,2026-03-21 23:56:31,2026-03-21,CLI-SA4J99Z98Y1L,AGT-VJYS33BX5A,Inbound Call,Phone,Comercial,Comercial,627.0,130.0,True,True,Positivo,0.53,,,False,,True,True
INT-X97T91G9TL982USC,2026-03-21 23:06:10,2026-03-21,CLI-Q5RED3ZK0K50,AGT-12AFACXPXI,Inbound Call,Phone,Queja,Queja,471.0,98.0,True,False,Neutral,0.01,argentine,argentine,False,,False,True
INT-TURLPBWLD4RIO2RZ,2026-03-21 08:30:58,2026-03-21,CLI-QFXMP9R4FQEG,AGT-I0RSC4IGXZ,Inbound Call,Phone,Comercial,Comercial,393.0,22.0,True,False,Neutral,-0.08,argentine,argentine,False,"PRD-BE5EE4I5BKB9,PRD-1IWV4UNA3LRD,PRD-6LOIMA0TIXNP",False,True
INT-A0B7W0JO4XP153K5,2026-03-21 23:47:36,2026-03-21,CLI-D6SRA6FH5FOV,AGT-W8EI0WIZH2,Inbound Call,Phone,Producto,Producto,263.0,186.0,False,True,Neutral,0.28,mexican,mexican,False,,False,True
