survey_id,survey_date,process_date,interaction_id,customer_id,agent_id,survey_type,send_channel,main_score,nps_category,question_1_text,question_1_response,question_2_text,question_2_response,question_3_text,question_3_response,open_comments,comment_sentiment,response_time_hours,campaign_response_rate
SRV-Y23E5RS1ZISKC59DZ7TT,2026-02-03 14:13:15,2026-02-03,INT-W3FRQZBBUETNI00B,CLI-P64QE4AF72VO,AGT-DBGB5MKK8K,NPS,SMS,4,Detractor,¿El agente resolvió su consulta satisfactoriamente?,1.0,,3.0,,,,,10.8,33.35
SRV-235H80VCN2O4RHOU191M,2026-02-05 02:04:46,2026-02-03,INT-K4DOVN8S07YS64SZ,CLI-FKHT21E19WJ3,AGT-R6BH0F3DT7,CSAT,Email,3,,¿El agente resolvió su consulta satisfactoriamente?,4.0,,,¿Volvería a contactarnos por este canal?,1.0,,,22.5,20.55
SRV-FDAI03HK22PQ70A1N6XZ,2026-02-04 08:36:00,2026-02-03,INT-UH0F9FGA6RB08874,CLI-EVJ0YQLN3TB3,AGT-ZKZMQJ4VSL,CSAT,Email,3,,,,,,,,No estoy satisfecho con la solución.,Negative,31.71,37.09
SRV-6WORM5O0AAOPT5QN9CJ2,2026-02-04 23:23:45,2026-02-03,INT-CJ7DE6Y0PDKHS3J5,CLI-1JCV6HUSB5MP,AGT-OXGDKDP90E,CSAT,Email,3,,¿Qué tan satisfecho está con el servicio recibido?,3.0,,,,,Tuve que esperar demasiado tiempo.,Negative,28.69,32.7
SRV-SQBV4AD5WXRVEXJAWBYV,2026-02-04 12:14:00,2026-02-03,INT-CLDF21K6WZE626GS,CLI-15CX29YY6SS9,AGT-K5E9XE6DZU,NPS,SMS,7,Passive,¿Cómo calificaría la atención brindada?,1.0,,,,,Aceptable.,Neutral,27.02,41.42
SRV-IKGZ0VNH4PEHHEIA8W8D,2026-02-04 04:01:29,2026-02-03,INT-70UQOHNMYT0KJ7A7,CLI-AASC6TZ8Z2BM,AGT-IB1X9BWBN2,CSAT,SMS,3,,,,,,,,Tuve que esperar demasiado tiempo.,Negative,16.19,44.06
SRV-TL6FR0LG8NHCIIXYHDLS,2026-02-04 20:00:45,2026-02-03,INT-0UO5HKSPGUUD56RT,CLI-9HE9B6I01QWY,AGT-0FULA5JB42,NPS,Email,4,Detractor,,,,,,,"Normal, sin problemas mayores.",Neutral,17.7,18.61
SRV-NV4D9U49KGCDHZJRTKKC,2026-02-04 18:01:26,2026-02-03,INT-U8GFSPO31W77ANF4,CLI-8C5KJ7WTBUMV,AGT-0ZKRYC3TIP,CSAT,App,3,,¿Qué tan satisfecho está con el servicio recibido?,2.0,,,,,No estoy satisfecho con la solución.,Negative,22.83,41.9
SRV-SD9YJN9ROUTQ63OVOS5P,2026-02-04 23:41:24,2026-02-03,INT-JKDMEEQQQOQJ82U5,CLI-RFFZ0Z1STVHG,AGT-FJRKLZU2YC,NPS,SMS,7,Passive,¿Qué tan satisfecho está con el servicio recibido?,4.0,¿El tiempo de espera fue aceptable?,4.0,,,Aceptable.,,21.92,39.29
SRV-NA1ISMKQL30ZM55WAGRJ,2026-02-04 02:52:36,2026-02-03,INT-L7OU9WN6V6NLM6QW,CLI-GW7LXBXXQLD7,AGT-Q0FNFY8G5L,CSAT,SMS,2,,,,,,,,Tuve que esperar demasiado tiempo.,Negative,24.26,26.62
SRV-X5TB7S5TXRZYET1MG64N,2026-02-04 00:25:10,2026-02-03,INT-EMGQP3ORVFTQC98B,CLI-G9KW8AA6456T,AGT-7VLDSY7HW2,NPS,Email,7,Passive,¿El agente resolvió su consulta satisfactoriamente?,3.0,,,¿Volvería a contactarnos por este canal?,1.0,El servicio estuvo bien.,Neutral,7.92,
SRV-924SSV5474135I2ORLY7,2026-02-04 03:24:32,2026-02-03,INT-I0T1O48Y8018UCEN,CLI-J6B49YMII7AE,AGT-56XIRH3EBF,CSAT,Email,3,,¿Cómo calificaría la atención brindada?,2.0,,,,,,,22.64,23.44
SRV-48XDS6KO4KPIYQMBPQTK,2026-02-04 13:30:18,2026-02-03,INT-BITPCBFLTPQ4JZ5O,CLI-UB441A99Z31J,AGT-93R1FEUZ8C,NPS,Email,7,Passive,¿El agente resolvió su consulta satisfactoriamente?,4.0,¿El tiempo de espera fue aceptable?,4.0,,,,,12.24,
SRV-GDL2O41E0K93FA0855WL,2026-02-03 11:38:22,2026-02-03,INT-9Y4CD2DXB920I1MD,CLI-11HRVRMRAEE9,AGT-9OUCPLC2FI,CSAT,IVR,2,,¿El agente resolvió su consulta satisfactoriamente?,4.0,,,,,Tardaron mucho en atenderme.,Negative,3.33,16.56
SRV-YAB28TV3DAOW16T1WR71,2026-02-03 22:04:20,2026-02-03,INT-8CZ56URD9WMAZEWH,CLI-7F2FKG7KBNZL,AGT-UPPMVKAUI7,NPS,SMS,4,Detractor,,,,,,,,,15.88,19.91
SRV-8HRO3494Z9MJ26K2WRX9,2026-02-04 02:35:22,2026-02-03,INT-16KWNDBGIKFZYZKP,CLI-UFSEISJD3EOE,AGT-DD88NRIADN,CSAT,Email,1,,¿Qué tan satisfecho está con el servicio recibido?,1.0,,,,,Tardaron mucho en atenderme.,Negative,12.09,41.81
SRV-RPF6CQZM6EFKXHBALT0O,2026-02-04 05:07:58,2026-02-03,INT-T8WBROGBVUE46QJA,CLI-FARMYO4S5G3B,AGT-5VXKVZOWR5,NPS,Email,6,Detractor,¿Qué tan satisfecho está con el servicio recibido?,1.0,,,,,"Normal, sin problemas mayores.",Neutral,15.08,21.22
SRV-2I9BIMKNK55QGWO401TJ,2026-02-03 20:43:36,2026-02-03,INT-E1FML871NIXQ9437,CLI-Q6XTS8SKC2IT,AGT-C8D3C4WFVG,CSAT,SMS,1,,,,,,,,El agente no fue muy claro en sus explicaciones.,Negative,16.9,31.33
SRV-V6HW1EBF1LF218VNDA3C,2026-02-04 01:53:58,2026-02-03,INT-IKL9OPPN49I1VTX4,CLI-EUX3MEOK9UU8,AGT-MJV5NGFRQL,CSAT,SMS,3,,¿Cómo calificaría la atención brindada?,2.0,,,,,,,6.33,27.59
SRV-KZPF5KEMIOSPQDKFYN5N,2026-02-04 08:31:31,2026-02-03,INT-4P7HUL3HPN7KOT51,CLI-RN6KOKXGY013,AGT-6UU2ZTXHKF,CSAT,SMS,3,,,,,,,,Tuve que esperar demasiado tiempo.,Negative,16.12,43.44
SRV-RAOOX0T1HKUFYMF2ZXDM,2026-02-04 13:13:56,2026-02-03,INT-ZU8U15DMR6R5O3EG,CLI-E7YB72GUTS0A,AGT-Y3KZLUV3T3,CSAT,Email,2,,¿Qué tan satisfecho está con el servicio recibido?,3.0,¿El tiempo de espera fue aceptable?,5.0,,,Tuve que esperar demasiado tiempo.,Negative,23.76,30.03
SRV-IIYBIAR2QU3YMX9HKN10,2026-02-04 15:55:48,2026-02-03,INT-KQOYTCWWCW18WPPJ,CLI-WH9WYM4HWMLT,AGT-C7L9UKCI6Z,NPS,Web,5,Detractor,,,,,,,"Normal, sin problemas mayores.",Neutral,11.67,40.27
SRV-E3AOD4OMCPJ11WVVNM7Z,2026-02-03 16:34:16,2026-02-03,INT-HYJ1DE4ZSQVDS21C,CLI-8PXQLVN1TSON,AGT-QXV7HN47JJ,NPS,Email,4,Detractor,¿El agente resolvió su consulta satisfactoriamente?,3.0,,,,,"Normal, sin problemas mayores.",Neutral,16.57,34.14
SRV-TM6OIOLF7830O0LV7VM1,2026-02-04 12:40:44,2026-02-03,INT-JUXDCYSTSAM5MZDA,CLI-1PYM9EWW7I26,AGT-703TCW9HY5,CSAT,SMS,3,,,,,,,,,,8.06,18.92
SRV-DMAMJ3DRXVIXEPZ9W0FZ,2026-02-04 16:59:37,2026-02-03,INT-23EWG2WUVLZRL4G4,CLI-I7Q4SW9JFAX7,AGT-HGVZ3WILY5,NPS,App,4,Detractor,¿El agente resolvió su consulta satisfactoriamente?,2.0,¿El tiempo de espera fue aceptable?,5.0,,,El servicio estuvo bien.,Neutral,24.71,16.57
SRV-LL8F5XIXYX1618MFLTZU,2026-02-04 03:49:22,2026-02-03,INT-PD6R2YW88PBRQBIC,CLI-3SJZZYNO8U4W,AGT-8OAKZ8LMXA,CES,SMS,2,,¿Qué tan satisfecho está con el servicio recibido?,3.0,,,¿Volvería a contactarnos por este canal?,1.0,,,12.8,30.9
SRV-KVAZKY9SPBUZFWWBRTUS,2026-02-04 18:40:27,2026-02-03,INT-54U7N609BYQ6AUG5,CLI-A8BNCZANZY1C,AGT-QZBFN7LRWT,CES,Email,3,,¿El agente resolvió su consulta satisfactoriamente?,,¿El tiempo de espera fue aceptable?,2.0,,,,,14.81,37.73
SRV-WA7B0AHBKEMNU78ESGU7,2026-02-04 02:34:44,2026-02-03,INT-TKOYV33BBN1NHM37,CLI-5VB2A7HKYP7K,AGT-JMA3MRKNWE,CSAT,SMS,2,,¿El agente resolvió su consulta satisfactoriamente?,1.0,,,,,,,18.56,38.75
SRV-H535PWQJSL6OXWZ8RS85,2026-02-04 14:16:16,2026-02-03,INT-GX39LTAK47SOH0GC,CLI-JA8IEOAP48EB,AGT-Q4SXP4EG6L,CES,SMS,2,,¿Cómo calificaría la atención brindada?,1.0,,,,,Tuve que esperar demasiado tiempo.,,19.77,38.85
SRV-5BCH61HSD5FVDHDDLD4R,2026-02-03 19:31:32,2026-02-03,INT-D8LVASM8UGV9L69J,CLI-GFRJ0HEUQ7WR,AGT-J7A6SDZWYA,NPS,Email,6,Detractor,,,,,¿Volvería a contactarnos por este canal?,4.0,,,11.79,
SRV-1ZD61GZJGI84LC1RYOF9,2026-02-04 13:02:31,2026-02-03,INT-783ZE9V2EBTU2ZJG,CLI-RI6CMSCR3QZL,AGT-A7BR2H7CSS,NPS,App,5,,,,,,,,El servicio estuvo bien.,Neutral,10.69,37.8
SRV-910Q8XJMMGXJWBXWNIY0,2026-02-03 18:44:05,2026-02-03,INT-XKNC7MOV16KAQEEU,CLI-41ABLHR0DWCX,AGT-TV0QBXSVT9,NPS,SMS,5,Detractor,,,,,,,Aceptable.,Neutral,8.92,42.28
SRV-JGTSJ5XIE6KV3YPBC0MA,2026-02-03 21:06:09,2026-02-03,INT-FBZ413T0KD8G7M7Q,CLI-VN5CCB8YPP8F,AGT-BOSIAA5J5O,CSAT,App,2,,,,¿El tiempo de espera fue aceptable?,1.0,,,,,20.5,17.62
SRV-SSREAGHYOUOW0QC50R0W,2026-02-04 03:21:01,2026-02-03,INT-ZOA0C3GNIZNTC36N,CLI-WGSMODO98AKK,AGT-61TCM0PLR7,NPS,SMS,6,Detractor,¿Cómo calificaría la atención brindada?,2.0,,,,,,,17.47,18.58
SRV-OZJIAZI86OVJWDGXLJ2M,2026-02-04 20:45:09,2026-02-03,INT-L59ARELYZG2Y93P5,CLI-0C0GUW93PZLD,AGT-71H194GLL8,CSAT,SMS,3,,¿El agente resolvió su consulta satisfactoriamente?,4.0,¿El tiempo de espera fue aceptable?,2.0,,,Tardaron mucho en atenderme.,Negative,27.69,40.15
SRV-CFPF29N8P0YFFVQMW37G,2026-02-05 00:25:10,2026-02-03,INT-2FSCCPCFB4AJ2T81,CLI-PUY83VEBPG0A,AGT-RLIC03EY4X,CSAT,Email,3,,¿Qué tan satisfecho está con el servicio recibido?,5.0,¿El tiempo de espera fue aceptable?,1.0,,,El agente no fue muy claro en sus explicaciones.,Negative,27.48,43.21
SRV-9NV8OPO9OOQ62S0WEPO0,2026-02-04 22:11:55,2026-02-03,INT-D9KH813IDDOO23UJ,CLI-4SIOLZODJ8G1,AGT-VM8IH2LFKP,CSAT,App,3,,,,¿El tiempo de espera fue aceptable?,2.0,,,No estoy satisfecho con la solución.,Negative,26.1,43.18
SRV-MOQ66NB1KPNSSLT17SWH,2026-02-04 06:13:06,2026-02-03,INT-AW5Z9WSZHSHQP1VW,CLI-8X88ZTAFFH5W,AGT-1AW37NRW7X,CSAT,SMS,3,,,,,,,,No estoy satisfecho con la solución.,Negative,21.81,15.24
SRV-V85470WN0RRNSUEREC1R,2026-02-04 02:01:23,2026-02-03,INT-OPBNZL6XAT030PGP,CLI-DI4PRGBKJ3EZ,AGT-POXBE49GFN,CSAT,SMS,2,,¿Qué tan satisfecho está con el servicio recibido?,5.0,¿El tiempo de espera fue aceptable?,1.0,,,No estoy satisfecho con la solución.,Negative,28.14,40.72
SRV-I488IYOKVR1BS2RXTQK8,2026-02-04 07:14:54,2026-02-03,INT-8IIK3HC906QSL2K1,CLI-FNUQLGR6Y129,AGT-J639PQ85HC,NPS,App,6,Detractor,¿Qué tan satisfecho está con el servicio recibido?,2.0,¿El tiempo de espera fue aceptable?,,,,,,9.4,15.49
SRV-KRUCYQ8WRAU9CA3Q29CZ,2026-02-04 04:40:45,2026-02-03,INT-QM3NDCKA68PPPYW0,CLI-L4IW83GSE49T,AGT-P7EOOA2P5S,CSAT,Email,3,,,,,,,,El agente no fue muy claro en sus explicaciones.,Negative,27.06,15.36
SRV-1PCVEANEKAKXH496VEGJ,2026-02-03 17:32:26,2026-02-03,INT-UYN5U0C5NH0N9XDJ,CLI-F9DG2VPPU4MK,AGT-3VX5GJAF2I,CES,Email,2,,,,,,,,No estoy satisfecho con la solución.,Negative,15.31,19.91
SRV-NF1X381FH8IQQLABZUO4,2026-02-04 05:22:41,2026-02-03,INT-8P1OAZNV8Z85J2GJ,CLI-M1QLBKPRKOX4,AGT-4BISGJA4OM,CES,SMS,3,,¿Qué tan satisfecho está con el servicio recibido?,1.0,¿El tiempo de espera fue aceptable?,2.0,,,,,15.42,20.65
SRV-9PECL1TSYY0K7CO4SO7G,2026-02-04 04:44:52,2026-02-03,INT-7PILX0FRL1B0BAL9,CLI-J03UMK6P16KG,AGT-PRRCOBG991,CSAT,App,2,,¿Qué tan satisfecho está con el servicio recibido?,4.0,,,¿Volvería a contactarnos por este canal?,5.0,,,19.34,32.53
SRV-1L3PQL52R1F4ZAAYHHE3,2026-02-04 09:10:26,2026-02-03,INT-8VNIWLKQUINQYZ97,CLI-VUPZQQ47EAL1,AGT-NB6AG6PT24,CSAT,Email,3,,,,,,¿Volvería a contactarnos por este canal?,2.0,,,10.85,22.44
SRV-VRGBC09BNWRHEMOEYDNG,2026-02-03 21:26:46,2026-02-03,INT-7OUYYF5QUVOEF6DJ,CLI-COBDG4H1YT2N,AGT-OPWHZ8YA2C,CSAT,SMS,3,,,,¿El tiempo de espera fue aceptable?,3.0,¿Volvería a contactarnos por este canal?,2.0,,,19.0,31.73
SRV-DIYN72I2PM1F6R0EZL40,2026-02-04 07:33:26,2026-02-03,INT-52I4UYTJVYV5NNEI,CLI-1IJ0U9JQDQE2,AGT-ELSO6DC1OU,CSAT,App,2,,¿Cómo calificaría la atención brindada?,3.0,¿El tiempo de espera fue aceptable?,3.0,,,,Negative,15.61,21.79
SRV-NXXO7OZQYMZ14URY1QPG,2026-02-03 22:38:30,2026-02-03,INT-U9WW2EK6A29S63AF,CLI-WW5A5ZOF034B,AGT-Q97AQ8XCJF,CSAT,App,2,,¿El agente resolvió su consulta satisfactoriamente?,1.0,¿El tiempo de espera fue aceptable?,2.0,¿Volvería a contactarnos por este canal?,,Tuve que esperar demasiado tiempo.,Negative,24.16,34.11
SRV-K8WU6S1XN6W07KL3M4CP,2026-02-04 07:40:40,2026-02-03,INT-TNP1KND9MCYOHE2J,CLI-AO2RRORRFX8F,AGT-FY0JTX0WX4,NPS,SMS,5,Detractor,¿El agente resolvió su consulta satisfactoriamente?,5.0,,,,,"Normal, sin problemas mayores.",Neutral,23.04,36.1
SRV-5LTH62FESB2TQM8133LF,2026-02-04 14:58:51,2026-02-03,INT-4GZQFOYSJYBRWHEY,CLI-I11OZY9PL2DS,AGT-PX17SVBBET,NPS,Email,7,Passive,¿El agente resolvió su consulta satisfactoriamente?,5.0,,,,,El servicio estuvo bien.,Neutral,21.28,30.32
SRV-TRQQCKXWWL7US4HMUVNT,2026-02-05 02:48:06,2026-02-03,INT-03VKJ0JAVWL2POTU,CLI-8X6M01Z9ZLHY,AGT-4FZILKK4KX,NPS,Email,5,Detractor,,,¿El tiempo de espera fue aceptable?,3.0,,,,,23.67,42.48
SRV-XJ73GIBWIPKHD1Q7MD4E,2026-02-04 17:18:58,2026-02-03,INT-ZT59U83HSE8KBMQT,CLI-NGW70WYSD15N,AGT-LLYOVI82UI,CSAT,Email,2,,,3.0,¿El tiempo de espera fue aceptable?,3.0,¿Volvería a contactarnos por este canal?,2.0,El agente no fue muy claro en sus explicaciones.,Negative,16.46,38.94
SRV-MNVN7SV1QD2A661VGA5R,2026-02-03 18:10:37,2026-02-03,INT-ALJ7B9BMKKA7VOJV,CLI-EHXFN5WO4DXV,AGT-5ANM4NA6WN,CSAT,Email,3,,,,,,,,No estoy satisfecho con la solución.,Negative,18.16,23.48
SRV-2Y818NCUG3O8605WI192,2026-02-04 03:31:44,2026-02-03,INT-OUH08S90MC5SRGGC,CLI-AHOAMQRYMB2C,AGT-K2XLL46WK8,CSAT,SMS,3,,¿El agente resolvió su consulta satisfactoriamente?,3.0,¿El tiempo de espera fue aceptable?,4.0,,,Tardaron mucho en atenderme.,Negative,22.68,
SRV-MI21C3ON2WASGZ2N1CME,2026-02-04 10:47:07,2026-02-03,INT-ZFR9VSUW3162VYVM,CLI-E6F2HI7984N5,AGT-Q5C8JMF7AE,CSAT,Email,3,,,,,,,,Tardaron mucho en atenderme.,Negative,14.61,
SRV-XDWODW9NOZ7IBR8PDYGR,2026-02-04 10:30:49,2026-02-03,INT-33O2AS2HP79UV63X,CLI-LCY9W0NDGC0Z,AGT-YF9RO3EJZU,NPS,App,3,Detractor,¿El agente resolvió su consulta satisfactoriamente?,3.0,¿El tiempo de espera fue aceptable?,3.0,,,Tuve que esperar demasiado tiempo.,,23.4,19.29
SRV-KAOQNJJQEY1XU326PMB6,2026-02-04 10:10:21,2026-02-03,INT-4EB5VNX79HO7CZWT,CLI-T0Z7SRZ4LVFK,AGT-XODIBGCD8U,CSAT,SMS,2,,,1.0,¿El tiempo de espera fue aceptable?,1.0,,,,,19.62,
SRV-6L58BMBWRRSCT0MDJT5O,2026-02-04 19:45:12,2026-02-03,INT-1FOH32WUMV7Q4CLR,CLI-6XDUEHE3PKEQ,AGT-RAIJ7RHMBA,CSAT,Email,3,,,,,,,,No estoy satisfecho con la solución.,Negative,22.58,18.15
SRV-PXX3LC98W31HVOC4E470,2026-02-03 18:22:31,2026-02-03,INT-UUK98I1MIUGX97XH,CLI-ZPC52PBMHJCD,AGT-NBIE6M8191,CSAT,App,2,,¿El agente resolvió su consulta satisfactoriamente?,5.0,,,,,,,18.98,40.57
SRV-PWYRS473ENNYG6DP1CSC,2026-02-04 01:00:16,2026-02-03,INT-PESDNF3NGNB52RD9,CLI-2QJNEXSX7Z13,AGT-5J9V220I1K,CSAT,SMS,2,,,,,,,,No estoy satisfecho con la solución.,Negative,16.76,29.3
SRV-L9UPNK3CR37GTV09SL13,2026-02-03 21:26:56,2026-02-03,INT-SY1N0W6SMD131BF4,CLI-U141HDIAR8KD,AGT-S6T0KJTHIL,NPS,Email,6,Detractor,¿El agente resolvió su consulta satisfactoriamente?,5.0,¿El tiempo de espera fue aceptable?,,,,,,18.62,44.08
SRV-OWG5DN6ONQS4S8M8QDMD,2026-02-04 17:04:59,2026-02-03,INT-KOXLQGUY4Z68FFNE,CLI-GL1KTP2V1SCW,AGT-N0HJHS1DBA,NPS,SMS,4,Detractor,¿El agente resolvió su consulta satisfactoriamente?,3.0,,,¿Volvería a contactarnos por este canal?,2.0,,,28.6,34.42
SRV-I8BGGZMGFMVQLWBDFGMC,2026-02-03 21:11:43,2026-02-03,INT-3K34CMEOGWXE88VB,CLI-4LC0TZMK1QIZ,AGT-WCPI68FFI5,CSAT,SMS,3,,,,¿El tiempo de espera fue aceptable?,1.0,,,,,15.63,22.1
SRV-LO71WW47M0QS6LNG7UWW,2026-02-04 03:10:59,2026-02-03,INT-VAJBZFG7U5M7LMVE,CLI-SZTW7D7Y3GWG,AGT-0FULA5JB42,NPS,SMS,5,Detractor,,,¿El tiempo de espera fue aceptable?,5.0,,,,,11.92,
SRV-Q57G94B9TN6QIHUBKMIV,2026-02-04 01:05:56,2026-02-03,INT-6XBC6M5EMGHS4VPO,CLI-96O8OWP4IRQX,AGT-G70AXC3MAP,CSAT,App,3,,¿Cómo calificaría la atención brindada?,2.0,¿El tiempo de espera fue aceptable?,5.0,,,No resolvieron mi problema completamente.,Negative,15.2,34.93
SRV-VR0P583UIKQQ4JJJR68J,2026-02-04 19:33:43,2026-02-03,INT-J0XCQS39I4WXEUBB,CLI-PPZ9UBEKF7GX,AGT-ELV4R7G13O,NPS,App,6,Detractor,¿Cómo calificaría la atención brindada?,2.0,,,,,"Normal, sin problemas mayores.",Neutral,27.38,26.96
SRV-QBHO76Z71EAI350ABUFI,2026-02-04 20:11:43,2026-02-03,INT-H1YXDAFM1M463H2P,CLI-FRHV6APMX7Q0,AGT-V440PLMXD9,CSAT,SMS,3,,,,¿El tiempo de espera fue aceptable?,4.0,,,El agente no fue muy claro en sus explicaciones.,Negative,19.35,32.75
SRV-5ZPWCKOSRYITUBZ3TGJD,2026-02-03 22:37:34,2026-02-03,INT-Y5U7CSYY5ZE0MQTK,CLI-VYEXKGY0SKLF,AGT-75AK6CCKBJ,CSAT,Email,3,,¿El agente resolvió su consulta satisfactoriamente?,1.0,¿El tiempo de espera fue aceptable?,4.0,¿Volvería a contactarnos por este canal?,4.0,,,22.92,39.79
SRV-LK22H38ID9QOXFX2PQVJ,2026-02-04 04:11:33,2026-02-03,INT-F2HLM9ZBA5D6NR07,CLI-G32GSR2NYR7J,AGT-7SUVBV3ET6,NPS,Email,6,Detractor,,,¿El tiempo de espera fue aceptable?,4.0,¿Volvería a contactarnos por este canal?,3.0,,,10.4,20.38
SRV-KCZAK24LYJ2MYLR7MOSW,2026-02-04 02:06:14,2026-02-03,INT-IHHOVPMSIAISZQ9T,CLI-0JL5MBS2VV16,AGT-NB6AG6PT24,CSAT,App,2,,¿El agente resolvió su consulta satisfactoriamente?,1.0,,,,,Tardaron mucho en atenderme.,Negative,17.71,29.53
SRV-F7NYRIBSFMBRQJIF2D5O,2026-02-04 10:59:44,2026-02-03,INT-DJRTDTRY6NYL7RSS,CLI-0TTM9MMBURUW,AGT-E4S7AXSU3W,CSAT,App,3,,¿Cómo calificaría la atención brindada?,5.0,,,,,No resolvieron mi problema completamente.,Negative,8.78,33.09
SRV-4GGEF1816VEAYHZEYIO6,2026-02-03 21:11:12,2026-02-03,INT-ILMMDWHTIEGWJ1SN,CLI-CERU3UZOJ4Y3,AGT-B037R3NAN1,CES,Email,3,,¿Qué tan satisfecho está con el servicio recibido?,1.0,¿El tiempo de espera fue aceptable?,5.0,,,,,12.87,21.09
SRV-CAPJIC36PBCPUWM52JYN,2026-02-04 12:52:57,2026-02-03,INT-J0WL3W72IJHLDFC2,CLI-TZHFLM8JPVIF,AGT-87FD5U93RA,CSAT,Email,4,,¿Cómo calificaría la atención brindada?,3.0,¿El tiempo de espera fue aceptable?,2.0,,,,,19.28,38.16
SRV-GX27P0XNKKLRNUYHEDTY,2026-02-04 09:42:48,2026-02-03,INT-SLIQ0BCELXDUH8T8,CLI-P7MI48GN4EDH,AGT-XN0ST1JQ9M,CSAT,SMS,3,,¿El agente resolvió su consulta satisfactoriamente?,3.0,¿El tiempo de espera fue aceptable?,3.0,,,Tardaron mucho en atenderme.,Negative,20.32,29.44
SRV-FLZMGXEGNZH19BN1EWHP,2026-02-04 14:47:37,2026-02-03,INT-28SSE9ANO0X4YY2Z,CLI-N32MAJOP0UHL,AGT-ZF4Q739XEZ,CSAT,SMS,3,,¿Qué tan satisfecho está con el servicio recibido?,4.0,¿El tiempo de espera fue aceptable?,3.0,,,,,23.12,32.34
SRV-QTII83BQXKQ3L3PRBT3W,2026-02-04 17:18:01,2026-02-03,INT-R9ZVT0EGGH1ACTDW,CLI-46K1WRRPA9OT,AGT-UK3JBLHXC6,CSAT,Email,2,,,,,,,,El agente no fue muy claro en sus explicaciones.,Negative,12.1,29.21
SRV-63MOZUPS8984RNFWA7OM,2026-02-04 15:41:03,2026-02-03,INT-KN8E2XR2OQ2560PU,CLI-SNOFATV9JV1K,AGT-QXV7HN47JJ,NPS,IVR,5,Detractor,¿El agente resolvió su consulta satisfactoriamente?,3.0,,,,4.0,,,23.21,30.95
SRV-RY099G3ADA3OQJJRM58L,2026-02-03 19:41:22,2026-02-03,INT-CZKZOXSNRNE9YOSY,CLI-1D7A43SRAMHF,AGT-5RF05BZME0,CSAT,SMS,3,,¿Qué tan satisfecho está con el servicio recibido?,5.0,¿El tiempo de espera fue aceptable?,1.0,,,,,9.36,35.83
SRV-GF3L6KELA2RGV2UUZA7K,2026-02-04 08:43:50,2026-02-03,INT-HVLIU6T7CPRKSV6Q,CLI-8ZZLJX6TREIY,AGT-0QJX3LETUS,NPS,App,5,Detractor,,,¿El tiempo de espera fue aceptable?,1.0,,,,,14.09,32.12
SRV-WJT2821LGJ3ADOWORITN,2026-02-03 21:59:01,2026-02-03,INT-40FJYCEDK79C7GX8,CLI-GHGYVOV24JPC,AGT-XQOSHBUDXI,NPS,SMS,5,Detractor,¿Cómo calificaría la atención brindada?,1.0,,,,,,,16.21,23.47
SRV-GDOQ9L0847ECFCUJXS8N,2026-02-03 22:10:36,2026-02-03,INT-6HV9KFJKCWFF9C07,CLI-8C1J7U12ZCEL,AGT-K0O13JDQ01,NPS,IVR,6,Detractor,,,¿El tiempo de espera fue aceptable?,,¿Volvería a contactarnos por este canal?,2.0,Aceptable.,Neutral,12.84,22.38
SRV-D3GHJKHEPD4W1E019BYZ,2026-02-03 22:15:25,2026-02-03,INT-8L4XTU83G6IA922R,CLI-ARZ90XZYGBVS,AGT-RLIC03EY4X,NPS,SMS,5,Detractor,,,¿El tiempo de espera fue aceptable?,4.0,,,El servicio estuvo bien.,Neutral,17.22,
SRV-T4UQCYPHXPFPL6Q65ON3,2026-02-03 16:43:46,2026-02-03,INT-CQJZN2MPF4BR110G,CLI-FS085ULE4G78,AGT-B4BYFBWKP0,CSAT,Email,2,,,,,,,,No resolvieron mi problema completamente.,Negative,11.23,27.21
SRV-1KZF27BRE575COI6G7TT,2026-02-03 17:08:40,2026-02-03,INT-0DXI3PWXS13IWA70,CLI-TUNGU60MUJ4H,AGT-P4V46JOBFM,CES,Email,3,,¿Cómo calificaría la atención brindada?,3.0,¿El tiempo de espera fue aceptable?,5.0,,,No estoy satisfecho con la solución.,Negative,17.76,
SRV-I318Z15B4GQ4G794OKVM,2026-02-04 23:54:59,2026-02-03,INT-YK3RLJPYXB22T7MW,CLI-N758HUSI0QL9,AGT-61QIQHSI3I,CSAT,SMS,1,,¿Cómo calificaría la atención brindada?,1.0,¿El tiempo de espera fue aceptable?,2.0,,,,,23.93,27.63
SRV-2XI3SXOMP2OX36VO1NQM,2026-02-04 05:18:23,2026-02-03,INT-6PR2N75OTE04Y590,CLI-0GJR9YIATTGB,AGT-C6RUPPZPMR,CSAT,Email,1,,,,¿El tiempo de espera fue aceptable?,1.0,,,,,22.93,35.9
SRV-5FAECBM19BK6O7BBMPDV,2026-02-04 09:16:47,2026-02-03,INT-JL07Q0X2EROXCP6R,CLI-VO95BLP3J9TE,AGT-64T08W0ODF,NPS,SMS,7,Passive,¿El agente resolvió su consulta satisfactoriamente?,2.0,,,¿Volvería a contactarnos por este canal?,3.0,,,22.76,37.0
SRV-GLELF229IXM9Q31JGNMW,2026-02-03 21:15:49,2026-02-03,INT-36N4JZY2SLY1UCIN,CLI-7NMT0Y42TTTK,AGT-C7L9UKCI6Z,CSAT,App,3,,,,¿El tiempo de espera fue aceptable?,,,,,,9.12,30.45
SRV-XMS9QGN822U1T58BIMUB,2026-02-04 05:59:59,2026-02-03,INT-HUUQER88WNRCWSKV,CLI-VD1FC4PTQT4X,AGT-SEDL4ENT0A,CSAT,IVR,3,,¿Cómo calificaría la atención brindada?,4.0,¿El tiempo de espera fue aceptable?,3.0,,,El agente no fue muy claro en sus explicaciones.,Negative,17.97,39.88
SRV-KZBKYMBY5BXJ5MQ2ZA25,2026-02-04 15:27:09,2026-02-03,INT-9CMLZGON1JEUX3WW,CLI-3OWXQWTZJG3Q,AGT-8JD6LDRA82,NPS,Web,4,Detractor,¿Cómo calificaría la atención brindada?,3.0,¿El tiempo de espera fue aceptable?,3.0,,,El servicio estuvo bien.,Neutral,33.26,23.24
SRV-31PTQQ9V4KE1E2A7YVAK,2026-02-04 07:15:53,2026-02-03,INT-M7NFEEF1EGETORFU,CLI-PE6INFPSBFG0,AGT-FY0JTX0WX4,CSAT,App,3,,,,,,,,No resolvieron mi problema completamente.,Negative,26.58,32.15
SRV-YQCUT8RC69A6BC71WVN7,2026-02-04 09:43:47,2026-02-03,INT-C9CSU44R3QP37CVP,CLI-E5IZLBK2EUUT,AGT-B69BF4590M,CSAT,SMS,3,,¿Cómo calificaría la atención brindada?,4.0,¿El tiempo de espera fue aceptable?,2.0,,,,,14.3,
SRV-J1EP7TU61O9NP5P6A7TM,2026-02-04 15:17:29,2026-02-03,INT-ZC0VG64ARWYL15GK,CLI-KRDF3TT6BKWG,AGT-MUGUW34H6Y,CSAT,Email,3,,¿Qué tan satisfecho está con el servicio recibido?,2.0,,,,,No estoy satisfecho con la solución.,Negative,19.25,22.04
SRV-Y19JWPFZE07EVB6RBESM,2026-02-04 04:28:17,2026-02-03,INT-NANJJM6AWG4NL8F7,CLI-NOUPWPWMIFLX,AGT-EDKK9VOD7F,NPS,App,7,Passive,¿Qué tan satisfecho está con el servicio recibido?,1.0,,,,,El servicio estuvo bien.,Neutral,15.58,24.94
SRV-SX7YMT7MXI0WZ5YF55PQ,2026-02-04 04:18:05,2026-02-03,INT-WAXGIG0V7U1C3NZV,CLI-6EETMCVSLJVS,AGT-TV0QBXSVT9,NPS,Web,5,Detractor,,,,,,,,,21.41,17.28
SRV-DIK9UG189KFQHEC2PZGD,2026-02-04 05:40:43,2026-02-03,INT-A7LMER8H4CPWDGR4,CLI-YS9H4212J3ZW,AGT-WCPI68FFI5,CSAT,App,3,,¿Cómo calificaría la atención brindada?,3.0,,,,,Tuve que esperar demasiado tiempo.,Negative,17.16,
SRV-ASECGL2MY6MY5Y96LYZB,2026-02-04 13:00:47,2026-02-03,INT-6MRB7RXF6RA6NZVI,CLI-SKCXJCGI78CZ,AGT-VSNRM7IQIT,CES,SMS,2,,¿Cómo calificaría la atención brindada?,5.0,,,,,,,30.47,35.56
SRV-0FFZJT4DTH38QZ5YCMBO,2026-02-03 20:54:06,2026-02-03,INT-SKPBBHRC2U7W7L32,CLI-4FPEWIDG6ZMB,AGT-W2DEB9GVSM,CSAT,SMS,3,,¿Qué tan satisfecho está con el servicio recibido?,5.0,¿El tiempo de espera fue aceptable?,3.0,,,No resolvieron mi problema completamente.,Negative,9.31,16.3
SRV-VI5OCRKYQ95VQ92YXMLF,2026-02-03 11:28:31,2026-02-03,INT-8PJS1VOHLVJPQ0I6,CLI-T2K6COKDSMUL,AGT-5RHY2PG248,NPS,SMS,7,Passive,,,¿El tiempo de espera fue aceptable?,1.0,¿Volvería a contactarnos por este canal?,5.0,,,14.58,
SRV-UWWZLEC8OBOWUEP009TC,2026-02-04 11:52:06,2026-02-03,INT-EO3DP0P3CBLQHOAT,CLI-J2P7QV47YHBC,AGT-AAM9ILQP8J,NPS,Email,6,Detractor,¿El agente resolvió su consulta satisfactoriamente?,3.0,¿El tiempo de espera fue aceptable?,4.0,,,Aceptable.,Neutral,20.83,34.76
SRV-GRBU0AXXQMI7TS01YOW5,2026-02-03 19:15:35,2026-02-03,INT-J4OXN5VC6TDY359G,CLI-28PW2QP9V1VN,AGT-7B0HRLOX7N,CSAT,Email,3,,,,,,,,No resolvieron mi problema completamente.,Negative,12.95,36.09
SRV-FS9BPGQ9FKKBKPT5VP8T,2026-02-04 09:22:18,2026-02-03,INT-KXMNM4HB24MXJIAQ,CLI-YHUG8QFGADZA,AGT-YMCBMMLJCD,CSAT,SMS,3,,,,¿El tiempo de espera fue aceptable?,3.0,,,No estoy satisfecho con la solución.,,33.76,41.03
SRV-7Q7L56PL0ED8OIBUGTL8,2026-02-04 07:52:59,2026-02-03,INT-W9WR5NSRBN9BGA37,CLI-NXYN33NEGWZ4,AGT-S448G59QZX,CSAT,App,2,,¿El agente resolvió su consulta satisfactoriamente?,5.0,,,,,Tardaron mucho en atenderme.,Negative,13.64,
SRV-9DJ8QDK3TN4Q5EET0VHE,2026-02-04 08:06:44,2026-02-03,INT-KX0LIDWKNK3LF9KI,CLI-HP0VORU9KXNE,AGT-1017M8ALDP,NPS,Email,2,Detractor,,,,,¿Volvería a contactarnos por este canal?,5.0,,,31.61,24.33
SRV-7NKY026V9V1Z32GWXJXA,2026-02-04 11:37:51,2026-02-03,INT-GR3T63MNABMLFAT0,CLI-XVQ56VUFEVBN,AGT-MJV5NGFRQL,CSAT,App,3,,¿Cómo calificaría la atención brindada?,3.0,¿El tiempo de espera fue aceptable?,3.0,,,,,15.25,
SRV-7WS8V8X6VIDR9FA0VK10,2026-02-04 07:05:16,2026-02-03,INT-09S5OG68E5FWXEZU,CLI-1QEFJPDBUFKE,AGT-W2NEJNXW3S,CSAT,SMS,3,,,,,,¿Volvería a contactarnos por este canal?,2.0,No resolvieron mi problema completamente.,Negative,19.58,30.79
SRV-BQEZVTCSB3UWRCG69DCQ,2026-02-04 01:11:34,2026-02-03,INT-0UMULCB2FTB96C45,CLI-PWDAB5OHNQ0Y,AGT-1YCIZJAO9N,CSAT,SMS,3,,,,,,¿Volvería a contactarnos por este canal?,2.0,,,7.57,
SRV-GYGAGFYMEQCKUDJ9HI2U,2026-02-04 06:17:41,2026-02-03,INT-ELRYJLPMP8DRL745,CLI-RZA38DGV552H,AGT-020055Q6ET,CSAT,Email,2,,¿Qué tan satisfecho está con el servicio recibido?,3.0,,,,,,,9.4,26.29
SRV-4CH9IZWWLSXY8CGZXST1,2026-02-04 17:34:37,2026-02-03,INT-UF21XU9FOV1Q18Z6,CLI-W3L9SE5O0DTC,AGT-KJ8EIV7HG0,NPS,SMS,6,Detractor,,,,,,,,,25.44,33.52
SRV-23UUCY0VJYX3YOJGXEJ0,2026-02-04 11:24:40,2026-02-03,INT-RFAR3YFMIZ31U9PW,CLI-SEECZP7J95UL,AGT-4YRVLDYBJS,CSAT,Email,2,,,,,,,,,,13.68,37.18
SRV-HLF00XPSQAFJ5D3021UR,2026-02-04 02:28:44,2026-02-03,INT-X44XU0F8Y0NJVWFW,CLI-G3H3ZIHMTZNI,AGT-OGGRUSWXOK,CSAT,SMS,3,,,,¿El tiempo de espera fue aceptable?,1.0,¿Volvería a contactarnos por este canal?,4.0,Tuve que esperar demasiado tiempo.,,23.67,20.42
SRV-YRJKJ4H42ELFGUM1N7H7,2026-02-04 08:02:27,2026-02-03,INT-J7HI0G4JBCFU1728,CLI-R4ACNDF3F9BE,AGT-U51WZ1NTS8,CSAT,IVR,3,,¿El agente resolvió su consulta satisfactoriamente?,4.0,,,,,Tardaron mucho en atenderme.,Negative,8.05,43.01
SRV-SBMD6EBVKOZA5RCP6BSI,2026-02-03 16:15:56,2026-02-03,INT-VIK7VGXBCRAEH2SY,CLI-CCSQ96UI20GE,AGT-PKWCHKMDDW,CES,Web,3,,¿El agente resolvió su consulta satisfactoriamente?,4.0,,,,,No estoy satisfecho con la solución.,Negative,17.27,23.92
SRV-HLLU3T7NT45QEN3JUODB,2026-02-04 11:50:37,2026-02-03,INT-JWQJHE1TMMZA4S90,CLI-7S4RL448V0T0,AGT-Q47B8JI9Y1,CSAT,App,3,,¿Qué tan satisfecho está con el servicio recibido?,3.0,,,,,El agente no fue muy claro en sus explicaciones.,Negative,30.47,36.86
SRV-KPZN3NWMFQFW6LEKV2WE,2026-02-04 00:47:41,2026-02-03,INT-SSQM0B00E2HGJWWF,CLI-XM0ZK8GCVDOR,AGT-XUBJTI8AW5,CES,Email,3,,,,¿El tiempo de espera fue aceptable?,3.0,,,Tardaron mucho en atenderme.,Negative,7.89,34.75
SRV-6KYAWXI7YZA7N2K8ZD29,2026-02-04 13:41:27,2026-02-03,INT-MZP1TA4V9TMZOGBM,CLI-A73X8HGRMGWO,AGT-1283BYB67Y,CSAT,Web,2,,,,,,,,,,24.89,15.04
SRV-FUWWM2LRZZWEAHBPNMFX,2026-02-04 17:02:08,2026-02-03,INT-VNBWHF61OZ5S9COW,CLI-5Y5SR34QTQDP,AGT-9XS8S3F6F9,NPS,Email,2,Detractor,,,,,¿Volvería a contactarnos por este canal?,3.0,,,31.37,39.81
SRV-Q89LOBFR8B37MVKMETJM,2026-02-04 08:38:02,2026-02-03,INT-RGCP5G7WN9CIGIIF,CLI-U1P9WIUCN8XY,AGT-0BNYKOVLMJ,CES,Email,4,,,,¿El tiempo de espera fue aceptable?,1.0,,,El servicio estuvo bien.,Neutral,31.09,24.73
SRV-PLZC4OTN3MD2ECJ68PDU,2026-02-04 02:34:07,2026-02-03,INT-VH66MZF1LFOVVFRN,CLI-GQ391JELR4CP,AGT-VRI9ZS84KO,CSAT,SMS,2,,¿Qué tan satisfecho está con el servicio recibido?,3.0,,,,,No resolvieron mi problema completamente.,Negative,7.35,16.29
SRV-VBNIHSXNONVSPLH5MYEX,2026-02-03 19:55:04,2026-02-03,INT-2RD3YFNDH0NDYFXO,CLI-P0365B7JEP2D,AGT-9K4W87HK9Z,NPS,Email,6,,,,,,,,,,13.39,22.33
SRV-RMWAELURHX867UZY49GV,2026-02-04 16:11:48,2026-02-03,INT-E2FMG4A7YAQY5VF9,CLI-Q7C75YM08TVJ,AGT-HHL6C35P9E,NPS,SMS,4,Detractor,,,,,,,,,34.89,
SRV-OVX1XHYZEJFGEIVJHCRF,2026-02-04 01:01:25,2026-02-03,INT-X9A7DWHW2FLF1Y96,CLI-V9273C0E503K,AGT-HP4JLBB1JN,CSAT,Email,3,,,,,,,,,,11.3,21.85
SRV-0RZYGNZ23MJ11CDESGWL,2026-02-03 20:34:59,2026-02-03,INT-HF8GQX7K9QRVGG70,CLI-87KXFY8XJP6X,AGT-5QGYHBW01W,CES,Email,3,,¿El agente resolvió su consulta satisfactoriamente?,2.0,¿El tiempo de espera fue aceptable?,5.0,,,Tuve que esperar demasiado tiempo.,Negative,13.59,18.76
SRV-GRAWDI39DUG2OOD19SE8,2026-02-04 01:44:11,2026-02-03,INT-711JHQRY8UIXAT3E,CLI-8EQYT0CU9C0F,AGT-UV811V1O91,CSAT,SMS,3,,¿Qué tan satisfecho está con el servicio recibido?,1.0,¿El tiempo de espera fue aceptable?,1.0,,,,,26.89,44.56
SRV-TMKUTL6VDM8FQC42GXHN,2026-02-04 23:45:42,2026-02-03,INT-FRUJTAWZ4V20IM5O,CLI-NRVD6ODXQGHU,AGT-V879G2OOFG,NPS,Web,5,Detractor,,,,,,,Aceptable.,Neutral,27.53,36.71
SRV-BGEHSTM2ATH1XS3XQIGG,2026-02-04 13:52:37,2026-02-03,INT-AEELSN7T6VH530QC,CLI-NOYLSB1KY9R6,AGT-4EBSCOM63S,CSAT,Email,4,,¿Cómo calificaría la atención brindada?,3.0,,,,,,,22.81,
SRV-I9WJ7I6M2IJ6EM1BZ5WY,2026-02-04 23:16:22,2026-02-03,INT-2GLRFZQWMZZMTNEC,CLI-JQMOABTRCZAT,AGT-7SUVBV3ET6,CSAT,SMS,4,,¿El agente resolvió su consulta satisfactoriamente?,5.0,,,,,,,20.89,21.38
SRV-44UHMY3YE0AFS0PCAAB0,2026-02-04 18:28:52,2026-02-03,INT-MWA5K6FP7U80C4LB,CLI-EMKMB3I4F4UB,AGT-ZVS0XWYET1,CSAT,SMS,3,,,,,,,,,,22.23,25.21
SRV-0UT2S5O32H57A32V5PEU,2026-02-04 07:40:29,2026-02-03,INT-8N8J6IOR3F53617O,CLI-CB7WR7D26LWP,AGT-QZGRW0TABQ,CSAT,App,3,,,,,,,,El agente no fue muy claro en sus explicaciones.,Negative,8.89,
SRV-O1CDMTC097P5W449MLM4,2026-02-04 04:55:44,2026-02-03,INT-ZAN5HG5HZJEP74W8,CLI-BP7NYPJW975D,AGT-3QK2IMDGCM,NPS,App,7,Passive,,,¿El tiempo de espera fue aceptable?,1.0,,,,Neutral,20.29,
SRV-XQJPWPPW66A9DZ15KDNQ,2026-02-03 22:35:19,2026-02-03,INT-SFS3UK6XMN95BLC5,CLI-XVCBPAX655VE,AGT-JMIXZ2J7AY,CSAT,SMS,3,,,,,,,,No resolvieron mi problema completamente.,Negative,11.91,31.65
SRV-5E209ZKJVZISQMW8EXWD,2026-02-04 09:13:35,2026-02-03,INT-ZZXF3UR2HEPNRTLV,CLI-8T4LIOO6Y0ET,AGT-T8LM02ABDZ,NPS,Email,6,Detractor,¿El agente resolvió su consulta satisfactoriamente?,1.0,¿El tiempo de espera fue aceptable?,1.0,¿Volvería a contactarnos por este canal?,1.0,,,8.77,29.91
SRV-R8CWEL3014U862QPP2ZF,2026-02-04 12:46:08,2026-02-03,INT-ZRUOJA4XBPAWE3C9,CLI-8OXHKB13Q3VO,AGT-ABM94FMVNF,NPS,Email,2,Detractor,¿Cómo calificaría la atención brindada?,1.0,,,¿Volvería a contactarnos por este canal?,4.0,,,30.27,33.76
SRV-63MROIQ5Z4X19J4RVN7P,2026-02-04 19:08:45,2026-02-03,INT-C4VXI3478CDQG3EE,CLI-VJ3PELUO0701,AGT-XN0ST1JQ9M,CSAT,Email,3,,¿Qué tan satisfecho está con el servicio recibido?,1.0,,,¿Volvería a contactarnos por este canal?,5.0,,Negative,23.07,31.99
SRV-ZXFMTCUKDIT3F2LLQ3YW,2026-02-04 05:34:26,2026-02-03,INT-Y3SS5ZPQAXVWJCXY,CLI-BJZZOO781DFD,AGT-CTUYD8XUXN,CSAT,App,3,,,,,,¿Volvería a contactarnos por este canal?,4.0,Tardaron mucho en atenderme.,,19.82,36.77
SRV-7M0OR6XPXWKBRATVI8DM,2026-02-04 11:45:17,2026-02-03,INT-IX9VRWK36ZUWYSDW,CLI-Y7PJPKB6M3OZ,AGT-4V9XEWH73V,NPS,Web,7,Passive,¿El agente resolvió su consulta satisfactoriamente?,3.0,,,,,,,12.05,17.29
SRV-8W2DRUYG26SI896UK2C0,2026-02-04 09:48:13,2026-02-03,INT-6SIWYXRTK3DSOTOU,CLI-W09AWNPDRDQ2,AGT-UP5VRYXEPO,CES,Email,3,,,,¿El tiempo de espera fue aceptable?,1.0,,,El agente no fue muy claro en sus explicaciones.,Negative,21.92,39.34
SRV-6LK1Z711YV866USMUUUH,2026-02-03 23:54:20,2026-02-03,INT-ZQ4CWGPZGDTQ8LWU,CLI-WLVX3DU3D5ST,AGT-0XMA3F473C,CSAT,App,3,,¿Cómo calificaría la atención brindada?,1.0,,,,,,,8.77,26.33
SRV-28B8X9E5TKRDGLHROA2S,2026-02-04 21:36:43,2026-02-03,INT-24O5ZO4YBUSIP86A,CLI-29HVBSHREPAV,AGT-IRQJXHNJ9D,CSAT,Email,3,,,,¿El tiempo de espera fue aceptable?,1.0,,,,,31.5,
SRV-9XG2FFBPGOL0I4TJFFB7,2026-02-05 02:36:03,2026-02-03,INT-4UV5C403MEZ81IDP,CLI-3QFUXXV1VDEL,AGT-BAQUFS4AR7,CSAT,SMS,3,,¿El agente resolvió su consulta satisfactoriamente?,2.0,¿El tiempo de espera fue aceptable?,4.0,,,El agente no fue muy claro en sus explicaciones.,Negative,28.94,35.11
SRV-TE25QWWUB7L2HDSVTGE7,2026-02-03 14:25:11,2026-02-03,INT-3SSFLVCBH9EUVDO7,CLI-VIFA7O2LHEEN,AGT-4YVIQ8ZZDX,CSAT,SMS,2,,,,,,,,No estoy satisfecho con la solución.,Negative,12.24,36.16
SRV-AMFUIYG2WKBQH49GIMZ7,2026-02-04 12:36:04,2026-02-03,INT-L40H2LOXSFM0PU3K,CLI-1DGR7L0VH67C,AGT-L3EZA710VC,NPS,SMS,5,Detractor,,,¿El tiempo de espera fue aceptable?,2.0,,,,,23.1,
SRV-GTREV6JH7TRAZPPE14JK,2026-02-04 10:25:17,2026-02-03,INT-XWCW1WG1HQ0MFPNQ,CLI-BE7D73LR8ZYD,AGT-MSVN62RUC2,CSAT,Email,2,,,,,,,,El agente no fue muy claro en sus explicaciones.,Negative,28.88,24.45
SRV-IMXT4EXA0PY9BGEFSBKV,2026-02-04 08:05:52,2026-02-03,INT-ZL6TGAUHWZYR77R9,CLI-KG43YNLUK3WY,AGT-0WS31AIHF0,CSAT,SMS,2,,¿Qué tan satisfecho está con el servicio recibido?,5.0,,,,,,,11.75,24.44
SRV-WX2GGXYIHAZ9O3AJVGX8,2026-02-04 10:56:01,2026-02-03,INT-L2H4K3KROBUKWQGX,CLI-K4TQ615MRKRU,AGT-24XX6P3FO7,NPS,App,7,Passive,¿El agente resolvió su consulta satisfactoriamente?,4.0,,,¿Volvería a contactarnos por este canal?,,,,24.84,25.94
SRV-13GQXT8M5V5VTYCGZC0Z,2026-02-03 13:24:46,2026-02-03,INT-6WDRCSXRA1USRM2K,CLI-NT92JA07U5IL,AGT-KFVMJV5MAS,NPS,App,5,Detractor,,,¿El tiempo de espera fue aceptable?,5.0,,,El servicio estuvo bien.,Neutral,5.87,23.28
SRV-P7K9C49V9GVPRR52N3AZ,2026-02-04 16:55:10,2026-02-03,INT-IBWBA8QVNSGK6EN9,CLI-PEMFSCR14NC9,AGT-2Z4O3TCODK,CSAT,Email,3,,¿El agente resolvió su consulta satisfactoriamente?,2.0,¿El tiempo de espera fue aceptable?,4.0,,,,,20.48,29.18
SRV-75S7W2SXFZCEU5Y7ZXPG,2026-02-04 13:34:13,2026-02-03,INT-RU75XSOR1WQ6VNHS,CLI-Z8HU65OH4BBH,AGT-2QA9OU6KPZ,NPS,Email,3,Detractor,¿Cómo calificaría la atención brindada?,5.0,¿El tiempo de espera fue aceptable?,1.0,,,,,9.63,33.69
SRV-G1I1G2F2CJTIUW5GZWLS,2026-02-04 10:38:11,2026-02-03,INT-ZM63G6EGBDF040PM,CLI-ZWWUX6W77AMY,AGT-ZZLDFFK5KX,CSAT,SMS,2,,,,¿El tiempo de espera fue aceptable?,1.0,,,No estoy satisfecho con la solución.,,8.88,22.3
SRV-U8LJBC2LNHLCM0GS9J75,2026-02-04 08:12:10,2026-02-03,INT-LVEUHOEVNHFG8NHV,CLI-L44UKPGJNFN9,AGT-YHIM4ZODIK,CSAT,Email,3,,,,¿El tiempo de espera fue aceptable?,1.0,,,El agente no fue muy claro en sus explicaciones.,Negative,7.28,44.47
SRV-8QTWD88SNLOUIRZJIKLD,2026-02-04 14:59:44,2026-02-03,INT-RBWT37SKZRFOICON,CLI-FS8VVXWLIIHT,AGT-04JD8RS9U4,NPS,Email,5,Detractor,,,,,,,,,26.08,27.38
SRV-LO89K8AMBFBZS8SIFQYH,2026-02-04 20:25:52,2026-02-03,INT-DJ1UESWEEDZCQTQ6,CLI-SB7CBGVEFS5B,AGT-1S0K1D1M6I,CSAT,Email,3,,,,¿El tiempo de espera fue aceptable?,2.0,¿Volvería a contactarnos por este canal?,5.0,,,23.49,
SRV-O3OBR6VJAV4Z4RLIT3Z8,2026-02-04 02:09:37,2026-02-03,INT-TORBGEW3FEFSKGU9,CLI-L6UBU0HTBK97,AGT-9U9K7MKVAX,CSAT,Email,3,,,2.0,¿El tiempo de espera fue aceptable?,5.0,,,,,22.73,42.33
SRV-OBXL7MAYW2I0Q5HPJJ90,2026-02-04 01:51:43,2026-02-03,INT-PKJ7IR9CLMZEGQ4D,CLI-H0L24ROD2Z58,AGT-OU7FAUBSD0,CSAT,Email,2,,¿Cómo calificaría la atención brindada?,5.0,,,,,,,22.32,35.6
SRV-ZTNQS490LNW58WF7SZ04,2026-02-04 05:03:25,2026-02-03,INT-88JD55EF7LFL4S28,CLI-GWEHXOKZ4GDH,AGT-0UA5E2DG3G,CES,SMS,3,,¿El agente resolvió su consulta satisfactoriamente?,2.0,,,,,,,12.87,
SRV-TVPWWRBJB2MFFNVMXLA1,2026-02-04 14:43:16,2026-02-03,INT-58MIXBMMSAW6XRQW,CLI-4KFWBHJLC9LI,AGT-OGGRUSWXOK,NPS,App,6,Detractor,¿El agente resolvió su consulta satisfactoriamente?,2.0,¿El tiempo de espera fue aceptable?,4.0,,,Aceptable.,Neutral,29.25,24.86
SRV-4JAA54Q930ZG3B1QI6RJ,2026-02-04 13:30:03,2026-02-03,INT-8QBGHBI15A79KEIO,CLI-S2V3RGQOXCCH,AGT-QS0490AK15,NPS,Email,3,Detractor,¿El agente resolvió su consulta satisfactoriamente?,4.0,¿El tiempo de espera fue aceptable?,3.0,,,,Negative,29.27,
SRV-PXM0PZ8DLWBQKO7J8VVE,2026-02-04 14:17:21,2026-02-03,INT-4NH3T6GNZYBFM266,CLI-8IIXEWO2YVMT,AGT-1B1LQT3IQC,CSAT,Email,4,,¿El agente resolvió su consulta satisfactoriamente?,2.0,¿El tiempo de espera fue aceptable?,2.0,¿Volvería a contactarnos por este canal?,3.0,,,22.91,20.27
SRV-3Y0QDVM24Y5370MPSNH1,2026-02-04 06:21:56,2026-02-03,INT-4SFPTM2TO107XRL4,CLI-SB2GW89P79BC,AGT-3BOF66WDWZ,NPS,SMS,5,Detractor,,,,,,,,,11.98,
SRV-IAGMDGRJHNRWEZJ3C8KU,2026-02-03 19:23:05,2026-02-03,INT-Q4HM3WP51DMPIDY7,CLI-82JVX2B0QXE1,AGT-XVCQFDZIIN,CSAT,SMS,2,,,,¿El tiempo de espera fue aceptable?,1.0,,,,,11.84,38.53
SRV-UJ90U3HDMR32X8U7CVUC,2026-02-04 05:15:56,2026-02-03,INT-J1Q5YWPN3O5IFB8L,CLI-HRLD5U6921LW,AGT-4YVIQ8ZZDX,CSAT,App,2,,,,¿El tiempo de espera fue aceptable?,1.0,,,El agente no fue muy claro en sus explicaciones.,Negative,16.8,36.17
SRV-FYN7V66GWWTPT8XXX4X0,2026-02-04 12:45:08,2026-02-03,INT-9GDDW9P0QFAHX4EG,CLI-Q93009LOHAU7,AGT-ILZ3O4HNJ7,CSAT,Email,1,,¿Qué tan satisfecho está con el servicio recibido?,4.0,¿El tiempo de espera fue aceptable?,5.0,,,Tardaron mucho en atenderme.,Negative,22.72,
SRV-ICVOG0ZWGCT58BQVUR54,2026-02-04 01:14:39,2026-02-03,INT-Z8DHSC12E9Y56QO9,CLI-QBYD73LS93YR,AGT-7ID1M83527,CSAT,Web,3,,,,,,,,,,9.12,15.21
SRV-0D4D4Q74CX56SMON46UK,2026-02-04 06:58:00,2026-02-03,INT-443ZD6KE1J9FFBPJ,CLI-0IK03Z4QLIHX,AGT-R34ROKZW06,NPS,Email,3,Detractor,,,,,,,Tardaron mucho en atenderme.,Negative,20.7,39.46
SRV-3KHMC3WO48EZ2D2L4XBS,2026-02-04 06:48:34,2026-02-03,INT-FXW56OP1XVHQMP9I,CLI-X1HIQ11QSTQF,AGT-UKNCM0RXY5,NPS,Email,6,Detractor,,,¿El tiempo de espera fue aceptable?,,,,Aceptable.,,15.69,40.04
SRV-MUHPJT4CF9LW9SF78HPY,2026-02-04 16:00:59,2026-02-03,INT-ZJFHQ20G0GR4POVB,CLI-DQX4UWCHEDVF,AGT-8NE8GSGUG4,NPS,Email,6,Detractor,¿Qué tan satisfecho está con el servicio recibido?,3.0,,,,,,,30.02,39.99
SRV-CCGE7O8WFRERPTPWKZ6I,2026-02-04 11:08:15,2026-02-03,INT-3DTWQ6ONWXOX78OL,CLI-EQF8L7TDVSKB,AGT-CEA1C9BKKF,CSAT,Email,2,,¿Cómo calificaría la atención brindada?,2.0,,,,,No resolvieron mi problema completamente.,Negative,15.35,
SRV-MMD3OCUP43NZJ38CNJRH,2026-02-04 22:04:31,2026-02-03,INT-WIFI4D8RFT8NM8D5,CLI-37GEJCPZ70PN,AGT-3QQOA60CO9,CSAT,Email,3,,,,,,¿Volvería a contactarnos por este canal?,5.0,No resolvieron mi problema completamente.,Negative,34.29,28.37
SRV-JTDW06GVWZ9S2IWH0DNL,2026-02-04 16:41:29,2026-02-03,INT-06CE42QAOJQCS3F3,CLI-GN8VK60LVFH1,AGT-5FYIMNGMBG,CSAT,SMS,4,,¿Qué tan satisfecho está con el servicio recibido?,4.0,,,,,,,27.28,16.3
SRV-MY0OEP366JM6R876Z099,2026-02-03 18:36:47,2026-02-03,INT-32EWPWJR8E44TZHQ,CLI-8MH7OLNKL8ME,AGT-TV0QBXSVT9,CSAT,App,2,,¿El agente resolvió su consulta satisfactoriamente?,3.0,,,,,No resolvieron mi problema completamente.,Negative,11.87,
SRV-X33YFOBINUDRSLSMMU3R,2026-02-04 19:08:31,2026-02-03,INT-ZOOMVUER8IIJGKXK,CLI-PT06Y7HB7A8V,AGT-NUS3RT0T0E,CSAT,IVR,3,,¿El agente resolvió su consulta satisfactoriamente?,3.0,,,,4.0,No resolvieron mi problema completamente.,Negative,34.28,19.06
SRV-OYQG9KQVVZ5YL8FXVIDP,2026-02-04 15:48:10,2026-02-03,INT-MHTCFJUGJ0F594KI,CLI-8FSY8N8TMQM9,AGT-1CPJD4QLU7,CSAT,Email,4,,¿Qué tan satisfecho está con el servicio recibido?,5.0,,,,,,Positive,27.5,37.89
SRV-HFAZESRBK7A142VRW0HD,2026-02-04 12:51:50,2026-02-03,INT-O7PPUES3CD01FPPE,CLI-KR6TGLP24C5S,AGT-X9QPDHK7C4,CSAT,App,4,,¿Cómo calificaría la atención brindada?,1.0,¿El tiempo de espera fue aceptable?,5.0,,,,,17.61,33.0
SRV-ZRG6FQT1IE9RW7P96JE9,2026-02-04 10:16:25,2026-02-03,INT-XLG81OXFR5GBSNUF,CLI-G094WEF5X6FO,AGT-K2ZF1JO9HT,CES,Web,3,,,,,,,,El agente no fue muy claro en sus explicaciones.,Negative,11.69,37.77
SRV-BMUNI7BD7VGYVIVV1130,2026-02-04 23:13:57,2026-02-03,INT-T01WDX0JWP3P6ELH,CLI-ZTFARA2B5P3H,AGT-QV4LVAPTDM,CSAT,SMS,3,,,,,,,,,,23.48,
SRV-CL5TTAP7ESU6KUZGE3P2,2026-02-04 07:13:10,2026-02-03,INT-20NRRLMBSLFYXA38,CLI-ODIR0AE3C3CR,AGT-8NM2UHJMKP,CES,Email,3,,¿El agente resolvió su consulta satisfactoriamente?,4.0,¿El tiempo de espera fue aceptable?,4.0,,,,,13.14,36.61
SRV-FFLGLMR147JXFD4RNQBX,2026-02-04 21:01:56,2026-02-03,INT-GGL33KPE4XIQ08EX,CLI-UDJBYQQ8NV70,AGT-LWM9P4ETLV,CSAT,Email,2,,¿El agente resolvió su consulta satisfactoriamente?,1.0,,,,,,,24.5,15.38
SRV-JW6ZZBHJSLUQTL81EESF,2026-02-04 12:31:00,2026-02-03,INT-625XZB0AS5V3S8MT,CLI-MGUDOZZZA00S,AGT-QYLO3MENQW,CSAT,SMS,3,,,,,,,,,,31.29,37.62
SRV-CPRRIDN7BCXQ7K3M7DVX,2026-02-04 10:17:59,2026-02-03,INT-DGUEJCTRS4KI8O5K,CLI-9B4258JFZU88,AGT-995PFQJVX6,CSAT,SMS,3,,¿El agente resolvió su consulta satisfactoriamente?,2.0,,,,,,,21.99,
SRV-26DJCJY2B0EO5XVEU5XU,2026-02-04 05:24:22,2026-02-03,INT-JRETIMOYGK7RPMIZ,CLI-YJ2JWLOBHF3M,AGT-DOUMKDE5OH,CSAT,App,3,,,,¿El tiempo de espera fue aceptable?,,¿Volvería a contactarnos por este canal?,1.0,Tardaron mucho en atenderme.,Negative,21.13,30.38
SRV-USX3T3LSS1GU9Y4GNWIG,2026-02-03 16:41:21,2026-02-03,INT-KA2N6PK7HNNT8HDP,CLI-WM88JP8363E4,AGT-OJD399EZD8,NPS,SMS,6,Detractor,¿Qué tan satisfecho está con el servicio recibido?,3.0,,,,,"Normal, sin problemas mayores.",Neutral,11.96,39.74
SRV-H07HPTVIFWT9FGH9ODCB,2026-02-05 01:53:09,2026-02-03,INT-7EO820B59LHHNRUX,CLI-GFD0MFPB6FF8,AGT-7XQCZE73IH,NPS,SMS,7,Passive,,4.0,¿El tiempo de espera fue aceptable?,1.0,,,,Neutral,28.3,17.29
SRV-H5YJPSRYS4OZOK1MA1GA,2026-02-03 13:49:37,2026-02-03,INT-HEEHOKPLXOJPDE6Q,CLI-AZ05WUOVQMXB,AGT-QZBFN7LRWT,CSAT,SMS,3,,,,,,,,,,6.27,
SRV-V610WERPGT50YK86I7ER,2026-02-04 21:04:33,2026-02-03,INT-MZCJEYN8H9ZLELRK,CLI-HX93LT4XUD0I,AGT-020055Q6ET,CES,Web,2,,,,¿El tiempo de espera fue aceptable?,4.0,¿Volvería a contactarnos por este canal?,2.0,No resolvieron mi problema completamente.,Negative,22.62,18.33
SRV-SSPX9NRCKAY3MOYV0R48,2026-02-04 03:34:43,2026-02-03,INT-AU6F5KU68KR42PZR,CLI-F8G29MEV2LID,AGT-HLGND96O59,CSAT,Email,3,,¿Cómo calificaría la atención brindada?,2.0,¿El tiempo de espera fue aceptable?,1.0,,,El agente no fue muy claro en sus explicaciones.,Negative,13.99,
SRV-UMOCO0LWUGP57AD51HTU,2026-02-05 01:47:40,2026-02-03,INT-A71OUSV1RLABDQEL,CLI-6934KWBL6YBZ,AGT-NFSVCZ54H9,CSAT,IVR,2,,¿Qué tan satisfecho está con el servicio recibido?,5.0,¿El tiempo de espera fue aceptable?,5.0,,,Tuve que esperar demasiado tiempo.,Negative,23.82,36.98
SRV-NVKP7KIE0VFFPFXMRG2Y,2026-02-04 14:30:41,2026-02-03,INT-BDGGRKOGA31Y3LKN,CLI-30G1D3AC2END,AGT-W2DEB9GVSM,CSAT,Email,2,,,,,,,,No resolvieron mi problema completamente.,Negative,27.1,28.29
SRV-N3Y5AAMYBRZWPZVOMMV6,2026-02-04 17:58:13,2026-02-03,INT-2DBRX150Z0NOI3GA,CLI-2SEDY01KBFXH,AGT-PRE6OQJV5N,NPS,Email,2,Detractor,¿Cómo calificaría la atención brindada?,1.0,,,,,,,18.8,43.94
SRV-2GBXI5GKTNZSK4JMPK4Y,2026-02-04 06:49:29,2026-02-03,INT-X3X0EMFN6JV1BT5H,CLI-VPQFUJSXBEW6,AGT-3BSCOF9JIO,CSAT,Email,3,,,,¿El tiempo de espera fue aceptable?,1.0,,,,,5.45,34.25
SRV-XI0XIK5PGCVHCN6MQ7RV,2026-02-04 18:55:56,2026-02-03,INT-2SUA1Q30I5JBI6ZX,CLI-EFT76MZMPY44,AGT-4YRVLDYBJS,CSAT,App,2,,¿El agente resolvió su consulta satisfactoriamente?,2.0,,,,,No estoy satisfecho con la solución.,Negative,28.51,15.72
SRV-ZY0XVSGTQLQYODFGIYXN,2026-02-04 08:36:55,2026-02-03,INT-UI1DPHKWLQPQQ56O,CLI-7XZC9B5CZGJN,AGT-LWM9P4ETLV,CSAT,Web,3,,¿Qué tan satisfecho está con el servicio recibido?,4.0,¿El tiempo de espera fue aceptable?,1.0,,,,,10.4,26.19
SRV-VSOJMZ9KZJ3P0CASZRGW,2026-02-05 02:29:06,2026-02-03,INT-733XGM1WV3LGV6F5,CLI-UOA9WI8HQA6Q,AGT-Z1EIQXWV82,CSAT,Web,3,,,,¿El tiempo de espera fue aceptable?,4.0,¿Volvería a contactarnos por este canal?,5.0,,,27.59,21.92
SRV-TA3EDWBIG2ZEIMPR10C3,2026-02-04 13:58:26,2026-02-03,INT-GNUZXJH7VBUDV2I3,CLI-YSBIX1PMIOB5,AGT-5JKM5LSJJK,NPS,IVR,3,Detractor,¿El agente resolvió su consulta satisfactoriamente?,1.0,,,,,El agente no fue muy claro en sus explicaciones.,Negative,19.14,36.68
SRV-GNI2QF12WIDMO0E8GFZE,2026-02-04 18:41:49,2026-02-03,INT-LHYB8VGSOHFBOLHX,CLI-D4OOQC1E7M2O,AGT-ZCZWPFNLF1,CSAT,App,3,,,,,,,,,,20.39,39.25
SRV-V1DTLNPBS3P1EOU14G7L,2026-02-04 08:29:20,2026-02-03,INT-8PCOCHNXYJUVNO8Z,CLI-JJWBL3YVXY9S,AGT-1999NR0BNU,NPS,SMS,6,Detractor,¿El agente resolvió su consulta satisfactoriamente?,3.0,¿El tiempo de espera fue aceptable?,3.0,,,,,22.1,22.55
SRV-44DVWJTLD9SPUOIPPXUD,2026-02-04 00:37:50,2026-02-03,INT-0QQN7IRG31UM9QE1,CLI-NMPJ58TK0VYL,AGT-VJYS33BX5A,CSAT,SMS,2,,¿El agente resolvió su consulta satisfactoriamente?,2.0,,,,,Tuve que esperar demasiado tiempo.,Negative,16.74,21.72
SRV-IZMSIKF57HQJQGOJHGMW,2026-02-03 19:00:01,2026-02-03,INT-GBOTFQ4Y6WYYXCCF,CLI-TO1YO5O6LHCV,AGT-AN9S4PD9YK,NPS,Email,5,Detractor,¿Qué tan satisfecho está con el servicio recibido?,3.0,¿El tiempo de espera fue aceptable?,1.0,¿Volvería a contactarnos por este canal?,2.0,"Normal, sin problemas mayores.",Neutral,13.47,19.32
SRV-2EUZSLMYXPDWUU4FQSWQ,2026-02-03 17:14:43,2026-02-03,INT-XELVOH0SPUQH57XS,CLI-EO7YRDZHJ3D2,AGT-FHXSFLATOK,CSAT,Email,3,,¿El agente resolvió su consulta satisfactoriamente?,4.0,,,,,No estoy satisfecho con la solución.,Negative,10.7,34.6
SRV-1Y8ZE9V4LHXTLBLNDCNW,2026-02-04 19:41:57,2026-02-03,INT-C7V5FZZTDDU1MFL4,CLI-C1WZTWSUXWTI,AGT-7B0HRLOX7N,CSAT,SMS,2,,¿El agente resolvió su consulta satisfactoriamente?,4.0,¿El tiempo de espera fue aceptable?,4.0,,,,,16.07,44.22
SRV-EGDLFGB1IO3J4HOT5UMX,2026-02-03 23:35:19,2026-02-03,INT-USDXE994VROIE7DP,CLI-KPLA2U7UJK2U,AGT-EYD17D0BT6,CSAT,Email,1,,,,¿El tiempo de espera fue aceptable?,1.0,,,,,8.69,27.06
SRV-COLCGDWFJ0YL1WOXC7FM,2026-02-04 14:56:11,2026-02-03,INT-XE7J67A7MLOC3SZQ,CLI-LZWGOCM3HLXS,AGT-8UCMD0TC8H,NPS,Web,2,Detractor,¿Qué tan satisfecho está con el servicio recibido?,1.0,,,,,,,20.25,
SRV-J0HZJ8S1382N6NE4X4H2,2026-02-03 21:24:48,2026-02-03,INT-GPHIL84RRGMK7XM7,CLI-R1XFVN1WXGO9,AGT-NQ6WIG9OWH,CSAT,SMS,3,,¿El agente resolvió su consulta satisfactoriamente?,2.0,,,,,,,6.47,31.86
SRV-JUT845D280KSQU7HWKSM,2026-02-04 02:54:13,2026-02-03,INT-Q27UWK4L7G2P3LFV,CLI-1OY8FBMNH8KJ,AGT-PTWKYK487N,CSAT,Web,3,,,,¿El tiempo de espera fue aceptable?,5.0,,,,,19.14,34.73
SRV-2P5LZXAZYQW8GHWKM5L5,2026-02-04 08:33:59,2026-02-03,INT-7ZAY4WL440A5OJE7,CLI-JLRYFKL7PS64,AGT-PTQZV7ISVY,CSAT,Email,3,,,,,,¿Volvería a contactarnos por este canal?,4.0,,,20.07,15.75
SRV-QGTG2PH4IRI4KZRI3HMB,2026-02-04 07:18:47,2026-02-03,INT-M1QONMNAO023ZWSP,CLI-FMOUFMT3TIX3,AGT-MZEQR4UPDP,CSAT,Email,3,,,,,,,,,,17.96,
SRV-PDJSZ4ACHH6E3W4X4BT2,2026-02-04 10:12:07,2026-02-03,INT-RLV994MCIU4L9HMN,CLI-VYJLH7P6ERSK,AGT-CZXFOSPZWG,CSAT,App,3,,¿Qué tan satisfecho está con el servicio recibido?,5.0,,,,,No resolvieron mi problema completamente.,Negative,13.05,29.03
SRV-E1Z8XNT4CONRV8N9OJL2,2026-02-04 23:42:39,2026-02-03,INT-LWOEPYI1XNLB88HQ,CLI-QDDSF3RF9AI8,AGT-3YUKYZO91R,NPS,Email,4,Detractor,¿Cómo calificaría la atención brindada?,2.0,¿El tiempo de espera fue aceptable?,5.0,,,"Normal, sin problemas mayores.",Neutral,25.76,
SRV-5X0YI9H49TJ5WXRR7SC7,2026-02-04 07:58:29,2026-02-03,INT-R6K2H9IX1WKKQCOW,CLI-DO7HJB0K3WVO,AGT-R3A802XCY2,CSAT,Email,2,,,,¿El tiempo de espera fue aceptable?,2.0,,5.0,No estoy satisfecho con la solución.,Negative,9.26,
SRV-29CMKKTH0Y4FJ2HQVMES,2026-02-05 06:49:39,2026-02-03,INT-9PD2QNRYK5QI2TD8,CLI-GFGRTN88WW6J,AGT-L0XIIP9UA9,CES,SMS,2,,¿Cómo calificaría la atención brindada?,5.0,,,,,Tuve que esperar demasiado tiempo.,Negative,35.51,20.56
SRV-6IUV4MEQMUYE01O4VJN7,2026-02-04 11:32:22,2026-02-03,INT-A4XFWBTOVIP3UZ78,CLI-PU89B0QIMVS9,AGT-V96WLTZ7C2,NPS,SMS,7,Passive,¿Cómo calificaría la atención brindada?,2.0,,,¿Volvería a contactarnos por este canal?,3.0,,,7.45,17.93
SRV-NVPXYRZKI9D740JPQKC7,2026-02-04 17:05:54,2026-02-03,INT-T8IRBLCMCQVAKCFV,CLI-DD2IBTB5YS8X,AGT-87J5AYCAB1,CSAT,SMS,2,,¿El agente resolvió su consulta satisfactoriamente?,1.0,,,,,,,26.71,35.5
SRV-09PCY6L3D9QQF2WEONYM,2026-02-04 01:25:37,2026-02-03,INT-LHSEMOZ4IOSWPNLV,CLI-NWBZOV28VNFJ,AGT-155PP3L6XE,NPS,IVR,7,Passive,,,¿El tiempo de espera fue aceptable?,3.0,,,El servicio estuvo bien.,Neutral,17.99,29.09
SRV-RU5VFDKFZP8WWUVD0ZPM,2026-02-04 10:46:42,2026-02-03,INT-PYV7GIOAHLBEYLHJ,CLI-5KJR8L6WP3LO,AGT-BH4XF8YM49,NPS,App,7,Passive,,,,,,,,,7.81,22.15
SRV-HTGOP90QBQ4W31YBZGDN,2026-02-04 00:08:39,2026-02-03,INT-B54MWIRJ9ICTLCHL,CLI-OM6410X5Z7AG,AGT-RFSAWCKQ3R,NPS,Email,5,Detractor,,,,,,,"Normal, sin problemas mayores.",Neutral,17.43,29.85
