branch_id,branch_code,branch_name,branch_type,address,city,state,country,postal_code,geographic_zone,phone,email,opening_time,closing_time,has_atms,atm_count,has_teller_windows,teller_window_count,latitude,longitude,branch_opening_date,branch_status
SUC-98QOW3F1,S0001,Banco LATAM Tijuana Sur,Express,"Avenida Insurgentes 760, Centro",Tijuana,Baja California,México,22000,Urbana,+54 14 4257 9928,sucursal0001@bancolatam.com,09:30:00,17:30:00,True,5,True,12,-0.0443619,0.0738601,1997-02-28,Active
SUC-3DCC91G4,S0002,Banco LATAM Guadalajara Centro,Premium,"Calzada Las Américas 345, Centro",Guadalajara,Jalisco,México,44100,Urbana,+54 91 6925 4150,sucursal0002@bancolatam.com,08:00:00,17:00:00,True,7,True,6,20.7143137,-103.2525557,2000-06-11,Active
SUC-COPO2MJ8,S0003,Banco LATAM Puebla 3,Express,"Camino Morelos 380, Centro",Puebla,Puebla,México,72000,Urbana,+54 92 4598 6313,sucursal0003@bancolatam.com,08:00:00,17:30:00,True,8,True,3,0.0610092,-0.019767,1992-12-20,Active
SUC-HVN55QJQ,S0004,Banco LATAM Querétaro 4,Express,"Camino Revolución 672, Centro",Querétaro,Querétaro,México,76000,Urbana,+54 28 9348 9085,sucursal0004@bancolatam.com,08:00:00,17:00:00,True,8,True,4,-0.0694317,-0.0680036,2020-07-11,Active
SUC-JYU0POJ9,S0005,Banco LATAM Puebla Centro,Express,"Andador Carranza 480, Centro",Puebla,Puebla,México,72000,Urbana,+54 31 8433 1053,sucursal0005@bancolatam.com,09:00:00,20:00:00,True,8,True,5,0.0015363,-0.0787178,2018-01-18,Active
SUC-RJSJ0B0X,S0006,Banco LATAM Querétaro Este,Main,"Calzada Independencia 383, Centro",Querétaro,Querétaro,México,76000,Urbana,+54 83 2290 2403,sucursal0006@bancolatam.com,09:30:00,17:00:00,True,8,True,11,0.0531669,-0.0743217,2011-04-28,Active
SUC-JQ7BZNFI,S0007,Banco LATAM Querétaro Norte,Express,"Andador Revolución 952, Centro",Querétaro,Querétaro,México,76000,Urbana,+54 54 1344 4770,sucursal0007@bancolatam.com,08:30:00,17:00:00,True,2,True,3,-0.0542116,0.081084,2004-10-27,Active
SUC-4XKHST63,S0008,Banco LATAM Monterrey Plaza,Express,"Circuito Revolución 553, Centro",Monterrey,Nuevo León,México,64000,Urbana,+54 70 1887 2612,sucursal0008@bancolatam.com,08:00:00,19:00:00,True,7,True,8,25.7467185,-100.3942462,1998-08-06,Active
SUC-GV2TU3NJ,S0009,Banco LATAM Guadalajara Centro,Corporate,"Andador Morelos 286, Centro",Guadalajara,Jalisco,México,44100,Urbana,+54 41 3724 7658,sucursal0009@bancolatam.com,09:30:00,19:00:00,True,3,True,9,20.7401886,-103.4166726,1990-02-05,Active
SUC-YZKP5AYK,S0010,Banco LATAM Puebla Plaza,Main,"Boulevard México 714, Centro",Puebla,Puebla,México,72000,Urbana,+54 85 8811 9238,sucursal0010@bancolatam.com,08:30:00,17:00:00,True,6,True,4,0.0702685,-0.0862957,1993-01-18,Active
SUC-12NKB9OB,S0011,Banco LATAM Querétaro 11,Main,"Calzada Matamoros 609, Centro",Querétaro,Querétaro,México,76000,Urbana,+54 93 5915 8491,sucursal0011@bancolatam.com,09:00:00,17:00:00,True,2,True,10,0.0242319,0.0125987,1994-06-27,Active
SUC-C28AFJAZ,S0012,Banco LATAM Querétaro Plaza,Corporate,"Boulevard Independencia 956, Centro",Querétaro,Querétaro,México,76000,Urbana,+54 24 3200 5333,sucursal0012@bancolatam.com,08:00:00,17:00:00,True,7,True,11,-0.0689104,-0.0436487,1999-06-13,Active
SUC-9W1MT1C4,S0013,Banco LATAM Tijuana Este,Corporate,"Boulevard Guerrero 501, Centro",Tijuana,Baja California,México,22000,Urbana,+54 81 8007 1158,sucursal0013@bancolatam.com,08:00:00,17:00:00,True,7,True,5,0.0091181,0.066919,2016-02-17,Active
SUC-WSUW783S,S0014,Banco LATAM Guadalajara Oeste,Corporate,"Calle Constitución 374, Centro",Guadalajara,Jalisco,México,44100,Urbana,+54 41 3662 3900,sucursal0014@bancolatam.com,09:30:00,17:00:00,True,3,True,8,20.7161773,-103.3672574,2020-01-19,Active
SUC-1G7XCTV8,S0015,Banco LATAM Tijuana 15,Express,"Avenida Chapultepec 894, Centro",Tijuana,Baja California,México,22000,Urbana,+54 19 5573 6753,sucursal0015@bancolatam.com,09:30:00,20:00:00,True,4,True,3,-0.0769316,0.0940801,1998-01-04,Temporarily Closed
SUC-FQBLIDK9,S0016,Banco LATAM Monterrey Centro,Express,"Calle Hidalgo 611, Centro",Monterrey,Nuevo León,México,64000,Urbana,+54 79 4228 6967,sucursal0016@bancolatam.com,09:30:00,17:00:00,True,7,True,8,25.7112311,-100.2834225,1995-08-04,Active
SUC-PJ6NDQ6K,S0017,Banco LATAM Tijuana Centro,Express,"Andador Libertad 413, Centro",Tijuana,Baja California,México,22000,Urbana,+54 37 8043 6279,sucursal0017@bancolatam.com,09:30:00,19:00:00,True,5,True,6,0.0022348,0.0587471,2023-01-05,Active
SUC-M3Y8BT51,S0018,Banco LATAM Monterrey Centro,Express,"Paseo Los Pinos 649, Centro",Monterrey,Nuevo León,México,64000,Urbana,+54 91 4185 7291,sucursal0018@bancolatam.com,09:30:00,19:00:00,True,3,True,5,25.7178116,-100.414991,1994-10-13,Active
SUC-KX44GJKB,S0019,Banco LATAM Tijuana 19,Corporate,"Paseo Cuauhtémoc 52, Centro",Tijuana,Baja California,México,22000,Urbana,+54 81 8305 3607,sucursal0019@bancolatam.com,09:30:00,19:00:00,True,4,True,6,0.0679726,-0.0445377,2013-05-20,Active
SUC-A9BJ48OP,S0020,Banco LATAM Monterrey 20,Express,"Circuito Juárez 731, Centro",Monterrey,Nuevo León,México,64000,Urbana,+54 80 8633 7812,sucursal0020@bancolatam.com,08:00:00,17:30:00,True,8,True,9,25.6644954,-100.2621408,2021-03-14,Active
SUC-XAEWUJQS,S0021,Banco LATAM Querétaro 21,Express,"Andador Zaragoza 7, Centro",Querétaro,Querétaro,México,76000,Urbana,+54 66 8956 1475,sucursal0021@bancolatam.com,09:30:00,18:00:00,True,7,True,9,0.0448363,0.0681011,1995-09-23,Active
SUC-FV69BGCV,S0022,Banco LATAM Puebla 22,Express,"Calle Juárez 659, Centro",Puebla,Puebla,México,72000,Urbana,+54 21 8705 1317,sucursal0022@bancolatam.com,08:00:00,18:00:00,True,3,True,4,0.0562466,0.0303509,1991-05-24,Active
SUC-H4YG9DLY,S0023,Banco LATAM Ciudad de México Norte,Corporate,"Privada 5 de Mayo 130, Centro",Ciudad de México,Ciudad de México,México,01000,Urbana,+54 24 1420 6111,sucursal0023@bancolatam.com,09:30:00,19:00:00,True,7,True,6,19.3477993,-99.0950771,2018-02-19,Active
SUC-SCFDICUT,S0024,Banco LATAM Monterrey 24,Corporate,"Avenida Del Bosque 580, Centro",Monterrey,Nuevo León,México,64000,Urbana,+54 92 8532 3506,sucursal0024@bancolatam.com,09:30:00,17:30:00,True,7,True,11,25.7796947,-100.3620835,2014-02-21,Active
SUC-8XAGRKOC,S0025,Banco LATAM Tijuana Plaza,Express,"Boulevard Libertad 873, Centro",Tijuana,Baja California,México,22000,Urbana,+54 38 6813 5232,sucursal0025@bancolatam.com,09:00:00,18:00:00,True,6,True,7,0.0111582,0.0033255,1998-07-28,Active
SUC-8HPG0AE8,S0026,Banco LATAM Puebla 26,Premium,"Circuito Allende 777, Centro",Puebla,Puebla,México,72000,Urbana,+54 55 7971 6419,sucursal0026@bancolatam.com,09:00:00,19:00:00,True,4,True,7,-0.0497193,-0.0758688,1998-08-22,Active
SUC-Q9LRLZTA,S0027,Banco LATAM Querétaro Este,Express,"Privada Revolución 222, Centro",Querétaro,Querétaro,México,76000,Urbana,+54 79 3073 5494,sucursal0027@bancolatam.com,08:00:00,17:00:00,True,6,True,7,0.0394835,-0.0747441,2012-01-08,Active
SUC-F61XHTE2,S0028,Banco LATAM Querétaro Norte,Main,"Boulevard Zaragoza 491, Centro",Querétaro,Querétaro,México,76000,Urbana,+54 83 5978 2395,sucursal0028@bancolatam.com,08:30:00,17:00:00,True,6,True,9,0.0212635,0.0581482,2000-02-15,Active
SUC-ZAMLQY77,S0029,Banco LATAM Puebla Norte,Express,"Boulevard Santa María 603, Centro",Puebla,Puebla,México,72000,Urbana,+54 81 2229 3564,sucursal0029@bancolatam.com,08:00:00,19:00:00,True,5,True,12,-0.0060175,-0.093472,2002-12-04,Active
SUC-XSMNXFJN,S0030,Banco LATAM Puebla Este,Main,"Avenida Los Pinos 240, Centro",Puebla,Puebla,México,72000,Urbana,+54 32 6039 5728,sucursal0030@bancolatam.com,09:30:00,17:00:00,True,5,True,7,0.0399467,0.0885352,2012-06-13,Active
SUC-QL08OUL0,S0031,Banco LATAM Ciudad de México Centro,Corporate,"Calle Los Ángeles 443, Centro",Ciudad de México,Ciudad de México,México,01000,Urbana,+54 33 8708 9502,sucursal0031@bancolatam.com,09:30:00,18:00:00,True,3,True,12,19.419777,-99.070351,1994-02-03,Active
SUC-UBOAYTJG,S0032,Banco LATAM Monterrey Plaza,Express,"Camino Los Pinos 108, Centro",Monterrey,Nuevo León,México,64000,Urbana,+54 62 9431 1018,sucursal0032@bancolatam.com,09:30:00,19:00:00,True,2,True,6,25.6902879,-100.2915732,2012-05-12,Active
SUC-4AVH1MSP,S0033,Banco LATAM Ciudad de México Centro,Premium,"Calzada Madero 563, Centro",Ciudad de México,Ciudad de México,México,01000,Urbana,+54 22 4681 2858,sucursal0033@bancolatam.com,09:30:00,17:00:00,True,7,True,5,19.4322751,-99.0898793,2012-10-29,Active
SUC-JDXIVV9S,S0034,Banco LATAM Puebla Plaza,Corporate,"Circuito 5 de Mayo 468, Centro",Puebla,Puebla,México,72000,Urbana,+54 75 5377 1042,sucursal0034@bancolatam.com,09:00:00,18:00:00,True,8,True,12,0.0159847,0.0319882,1996-08-31,Active
SUC-JGB6PK8R,S0035,Banco LATAM Monterrey Plaza,Corporate,"Camino Allende 782, Centro",Monterrey,Nuevo León,México,64000,Urbana,+54 59 7325 3492,sucursal0035@bancolatam.com,09:30:00,17:00:00,True,3,True,11,25.7796707,-100.3497011,1994-07-03,Active
SUC-EN5GYCON,S0036,Banco LATAM Puebla 36,Corporate,"Calle La Paz 148, Centro",Puebla,Puebla,México,72000,Urbana,+54 91 8994 9864,sucursal0036@bancolatam.com,08:00:00,20:00:00,True,2,True,6,0.0262322,0.0841858,2000-03-16,Active
SUC-OW1SAD5J,S0037,Banco LATAM Ciudad de México Sur,Express,"Avenida Cuauhtémoc 171, Centro",Ciudad de México,Ciudad de México,México,01000,Urbana,+54 89 7267 4945,sucursal0037@bancolatam.com,09:30:00,20:00:00,True,3,True,6,19.42483,-99.1824045,2001-06-15,Active
SUC-5FCLNF9U,S0038,Banco LATAM Puebla 38,Corporate,"Boulevard Los Pinos 560, Centro",Puebla,Puebla,México,72000,Urbana,+54 24 4886 7248,sucursal0038@bancolatam.com,09:00:00,20:00:00,True,4,True,7,-0.0956121,0.0660075,2007-10-03,Active
SUC-QTWR8S76,S0039,Banco LATAM Tijuana Este,Premium,"Calle Del Valle 621, Centro",Tijuana,Baja California,México,22000,Urbana,+54 91 1645 6061,sucursal0039@bancolatam.com,09:30:00,17:00:00,True,6,True,8,0.046472,-0.0819733,2003-03-29,Active
SUC-JYJWT9TH,S0040,Banco LATAM Guadalajara Plaza,Corporate,"Calzada Independencia 806, Centro",Guadalajara,Jalisco,México,44100,Urbana,+54 70 2233 3306,sucursal0040@bancolatam.com,08:30:00,19:00:00,True,8,True,11,20.632855,-103.2914636,1990-08-17,Active
SUC-OLTX380V,S0041,Banco LATAM Puebla Este,Premium,"Camino Los Pinos 767, Centro",Puebla,Puebla,México,72000,Urbana,+54 92 8606 5951,sucursal0041@bancolatam.com,09:30:00,17:00:00,True,3,True,3,0.0892523,-0.0391271,2012-02-06,Active
SUC-DYPJLQVN,S0042,Banco LATAM Querétaro 42,Corporate,"Privada Chapultepec 465, Centro",Querétaro,Querétaro,México,76000,Urbana,+54 46 1536 7070,sucursal0042@bancolatam.com,08:30:00,19:00:00,True,5,True,6,0.07109,-0.0801291,2020-10-04,Active
SUC-9YYT37NY,S0043,Banco LATAM Tijuana Plaza,Express,"Camino Reforma 408, Centro",Tijuana,Baja California,México,22000,Urbana,+54 27 4362 2124,sucursal0043@bancolatam.com,08:30:00,20:00:00,True,3,True,6,-0.0342881,-0.0704892,2016-09-25,Active
SUC-S3V4CSL0,S0044,Banco LATAM Guadalajara Centro,Main,"Privada Allende 257, Centro",Guadalajara,Jalisco,México,44100,Urbana,+54 64 9619 2862,sucursal0044@bancolatam.com,08:00:00,19:00:00,True,5,True,8,20.6623476,-103.4277892,2012-08-07,Active
SUC-N1ZUF3PF,S0045,Banco LATAM Ciudad de México Plaza,Premium,"Paseo Constitución 470, Centro",Ciudad de México,Ciudad de México,México,01000,Urbana,+54 19 3067 5505,sucursal0045@bancolatam.com,09:00:00,19:00:00,True,6,True,11,19.3915795,-99.1320898,2009-04-19,Active
SUC-7G8CGE3F,S0046,Banco LATAM Ciudad de México Plaza,Corporate,"Paseo La Paz 887, Centro",Ciudad de México,Ciudad de México,México,01000,Urbana,+54 98 8770 2099,sucursal0046@bancolatam.com,08:00:00,17:00:00,True,2,True,9,19.3519129,-99.0854408,1995-11-02,Active
SUC-4CNRVPYL,S0047,Banco LATAM Querétaro Centro,Premium,"Paseo Libertad 687, Centro",Querétaro,Querétaro,México,76000,Urbana,+54 38 3535 8900,sucursal0047@bancolatam.com,08:30:00,17:00:00,True,4,True,11,-0.0264878,0.0525211,2015-10-03,Active
SUC-XT96PBC0,S0048,Banco LATAM Querétaro 48,Main,"Paseo Insurgentes 624, Centro",Querétaro,Querétaro,México,76000,Urbana,+54 92 1502 2503,sucursal0048@bancolatam.com,08:30:00,19:00:00,True,5,True,10,-0.0318208,-0.0259894,2022-05-15,Active
SUC-5R12FFLE,S0049,Banco LATAM Querétaro Centro,Express,"Avenida Los Ángeles 54, Centro",Querétaro,Querétaro,México,76000,Urbana,+54 25 5640 8972,sucursal0049@bancolatam.com,09:00:00,17:00:00,True,3,True,9,0.0968891,-0.0890436,1999-03-04,Active
SUC-4HF4J8KO,S0050,Banco LATAM Guadalajara Centro,Express,"Boulevard Constitución 336, Centro",Guadalajara,Jalisco,México,44100,Urbana,+54 16 8147 1307,sucursal0050@bancolatam.com,09:30:00,17:00:00,True,8,True,8,20.6748518,-103.3349201,2021-10-29,Active
SUC-BSMTX3U8,S0051,Banco LATAM Ciudad de México Centro,Express,"Andador Insurgentes 990, Centro",Ciudad de México,Ciudad de México,México,01000,Urbana,+54 50 6562 4630,sucursal0051@bancolatam.com,09:00:00,17:30:00,True,2,True,11,19.4592449,-99.127079,1998-09-12,Active
SUC-57LRN6RH,S0052,Banco LATAM Tijuana Plaza,Corporate,"Privada 5 de Mayo 106, Centro",Tijuana,Baja California,México,22000,Urbana,+54 91 6179 3473,sucursal0052@bancolatam.com,09:30:00,17:00:00,True,5,True,10,0.026277,0.0592659,2016-07-12,Active
SUC-1DANZ3LD,S0053,Banco LATAM Ciudad de México 53,Corporate,"Boulevard Cuauhtémoc 463, Centro",Ciudad de México,Ciudad de México,México,01000,Urbana,+54 84 4084 6267,sucursal0053@bancolatam.com,09:30:00,20:00:00,True,3,True,3,19.4227046,-99.0710066,2005-05-28,Active
SUC-FFI5DAEC,S0054,Banco LATAM Guadalajara Plaza,Main,"Calle 5 de Mayo 725, Centro",Guadalajara,Jalisco,México,44100,Urbana,+54 23 7333 5655,sucursal0054@bancolatam.com,09:00:00,20:00:00,True,8,True,5,20.6263724,-103.3330521,1996-05-06,Active
SUC-P3KNB4PY,S0055,Banco LATAM Tijuana 55,Express,"Andador Independencia 610, Centro",Tijuana,Baja California,México,22000,Urbana,+54 13 6940 6060,sucursal0055@bancolatam.com,08:30:00,17:30:00,True,4,True,10,-0.061599,0.0999953,1996-12-13,Active
SUC-UV1CR4D5,S0056,Banco LATAM Ciudad de México 56,Main,"Paseo Las Américas 553, Centro",Ciudad de México,Ciudad de México,México,01000,Urbana,+54 57 4891 8277,sucursal0056@bancolatam.com,09:00:00,19:00:00,True,3,True,11,19.3804337,-99.0400807,2011-01-15,Active
SUC-ADIYTS49,S0057,Banco LATAM Querétaro Plaza,Premium,"Circuito Cuauhtémoc 788, Centro",Querétaro,Querétaro,México,76000,Urbana,+54 24 9452 3042,sucursal0057@bancolatam.com,09:00:00,17:00:00,True,8,True,5,-0.0454417,0.0810612,1996-08-11,Active
SUC-XEEDD28B,S0058,Banco LATAM Guadalajara Plaza,Corporate,"Circuito Los Ángeles 358, Centro",Guadalajara,Jalisco,México,44100,Urbana,+54 28 1627 5700,sucursal0058@bancolatam.com,09:30:00,17:30:00,True,8,True,10,20.6494203,-103.4485498,1993-07-22,Active
SUC-I4AA1FSG,S0059,Banco LATAM Guadalajara 59,Premium,"Paseo La Paz 624, Centro",Guadalajara,Jalisco,México,44100,Urbana,+54 13 9443 4963,sucursal0059@bancolatam.com,08:30:00,18:00:00,True,5,True,3,20.6826619,-103.4014872,2008-09-08,Active
SUC-YJSI0V1D,S0060,Banco LATAM Ciudad de México Plaza,Corporate,"Paseo Universidad 70, Centro",Ciudad de México,Ciudad de México,México,01000,Urbana,+54 56 2106 6649,sucursal0060@bancolatam.com,08:30:00,17:00:00,True,8,True,12,19.4796374,-99.1666963,1991-12-28,Active
SUC-OZH64PX1,S0061,Banco LATAM Tijuana Centro,Corporate,"Privada San Juan 798, Centro",Tijuana,Baja California,México,22000,Urbana,+54 16 6170 6080,sucursal0061@bancolatam.com,09:30:00,20:00:00,True,5,True,7,-0.0926758,0.0293801,2002-11-01,Active
SUC-SFEFYC6O,S0062,Banco LATAM Ciudad de México Plaza,Corporate,"Camino Madero 128, Centro",Ciudad de México,Ciudad de México,México,01000,Urbana,+54 65 2293 8055,sucursal0062@bancolatam.com,08:30:00,20:00:00,True,4,True,8,19.3531196,-99.167616,2003-04-06,Active
SUC-FGQWMFNS,S0063,Banco LATAM Tijuana Centro,Corporate,"Andador Morelos 707, Centro",Tijuana,Baja California,México,22000,Urbana,+54 62 6952 9406,sucursal0063@bancolatam.com,08:30:00,17:00:00,True,3,True,12,0.0356178,-0.0123654,1995-08-31,Active
SUC-Y15GDF24,S0064,Banco LATAM Tijuana 64,Express,"Camino Universidad 393, Centro",Tijuana,Baja California,México,22000,Urbana,+54 46 5089 2858,sucursal0064@bancolatam.com,08:00:00,17:30:00,True,5,True,11,-0.0226025,0.0123345,2001-09-28,Active
SUC-Z7426PZT,S0065,Banco LATAM Guadalajara Plaza,Corporate,"Boulevard Del Sol 939, Centro",Guadalajara,Jalisco,México,44100,Urbana,+54 81 9882 5757,sucursal0065@bancolatam.com,09:00:00,17:30:00,True,7,True,5,20.7184393,-103.3478489,1995-06-12,Active
SUC-JDSJM3BZ,S0066,Banco LATAM Guadalajara 66,Corporate,"Circuito Insurgentes 370, Centro",Guadalajara,Jalisco,México,44100,Urbana,+54 84 2208 3053,sucursal0066@bancolatam.com,09:00:00,17:00:00,True,5,True,10,20.6957218,-103.380697,2014-09-24,Active
SUC-VTIA5X8Y,S0067,Banco LATAM Guadalajara Centro,Express,"Andador Guerrero 933, Centro",Guadalajara,Jalisco,México,44100,Urbana,+54 92 5496 3050,sucursal0067@bancolatam.com,09:00:00,20:00:00,True,6,True,4,20.6602146,-103.4158728,2016-01-18,Active
SUC-KT11NKNR,S0068,Banco LATAM Querétaro Centro,Express,"Camino San Juan 947, Centro",Querétaro,Querétaro,México,76000,Urbana,+54 91 9938 5745,sucursal0068@bancolatam.com,09:00:00,19:00:00,True,3,True,9,-0.0405132,-0.0854054,1992-09-08,Active
SUC-LBPQUZ4D,S0069,Banco LATAM Puebla Plaza,Express,"Circuito Revolución 349, Centro",Puebla,Puebla,México,72000,Urbana,+54 26 5382 8366,sucursal0069@bancolatam.com,08:30:00,17:30:00,True,2,True,3,-0.0419576,-0.02317,2017-08-09,Active
SUC-P65ZGVH3,S0070,Banco LATAM Guadalajara 70,Corporate,"Camino Del Valle 592, Centro",Guadalajara,Jalisco,México,44100,Urbana,+54 38 6781 1797,sucursal0070@bancolatam.com,08:00:00,18:00:00,True,5,True,12,20.7361679,-103.318748,2011-02-10,Active
SUC-9DE11KDA,S0071,Banco LATAM Ciudad de México 71,Corporate,"Andador Independencia 904, Centro",Ciudad de México,Ciudad de México,México,01000,Urbana,+54 46 2946 3108,sucursal0071@bancolatam.com,08:00:00,19:00:00,True,4,True,8,19.4441664,-99.1600787,1996-06-21,Active
SUC-1PSI5W5X,S0072,Banco LATAM Puebla Este,Express,"Paseo Reforma 47, Centro",Puebla,Puebla,México,72000,Urbana,+54 89 5902 6511,sucursal0072@bancolatam.com,09:30:00,20:00:00,True,4,True,10,0.0631498,-0.0263284,2020-03-23,Temporarily Closed
SUC-QO0HYSRK,S0073,Banco LATAM Querétaro 73,Express,"Boulevard Del Bosque 921, Centro",Querétaro,Querétaro,México,76000,Urbana,+54 91 7229 3421,sucursal0073@bancolatam.com,08:30:00,17:00:00,True,6,True,4,-0.0618431,-0.0117923,2008-10-14,Active
SUC-MGUQPIKZ,S0074,Banco LATAM Guadalajara 74,Express,"Andador Guerrero 794, Centro",Guadalajara,Jalisco,México,44100,Urbana,+54 33 8531 9734,sucursal0074@bancolatam.com,09:00:00,20:00:00,True,4,True,7,20.6817153,-103.4111472,2001-01-21,Active
SUC-POHHKXPA,S0075,Banco LATAM Guadalajara 75,Corporate,"Boulevard Las Américas 296, Centro",Guadalajara,Jalisco,México,44100,Urbana,+54 29 5758 1689,sucursal0075@bancolatam.com,09:00:00,17:00:00,True,4,True,10,20.6908944,-103.3001323,1999-08-07,Active
SUC-4ML8OJM1,S0076,Banco LATAM Monterrey Plaza,Corporate,"Paseo Del Sol 279, Centro",Monterrey,Nuevo León,México,64000,Urbana,+54 23 3252 1084,sucursal0076@bancolatam.com,08:30:00,19:00:00,True,7,True,10,25.6820897,-100.3762088,2002-11-20,Active
SUC-8QU1XFUX,S0077,Banco LATAM Ciudad de México 77,Corporate,"Avenida Las Flores 588, Centro",Ciudad de México,Ciudad de México,México,01000,Urbana,+54 34 5742 1613,sucursal0077@bancolatam.com,08:00:00,18:00:00,True,6,True,12,19.3540601,-99.0366012,2002-10-07,Temporarily Closed
SUC-XUG645G9,S0078,Banco LATAM Querétaro Centro,Corporate,"Paseo Zaragoza 911, Centro",Querétaro,Querétaro,México,76000,Urbana,+54 48 4164 3875,sucursal0078@bancolatam.com,09:30:00,19:00:00,True,6,True,8,-0.0826524,0.0338512,1998-04-16,Active
SUC-8RYAQ0NO,S0079,Banco LATAM Guadalajara Centro,Express,"Calle Madero 393, Centro",Guadalajara,Jalisco,México,44100,Urbana,+54 31 7642 9233,sucursal0079@bancolatam.com,09:00:00,17:00:00,True,7,True,7,20.6332088,-103.4054302,1995-12-29,Active
SUC-JGJN78RV,S0080,Banco LATAM Tijuana 80,Express,"Camino México 719, Centro",Tijuana,Baja California,México,22000,Urbana,+54 57 2279 2838,sucursal0080@bancolatam.com,08:00:00,20:00:00,True,6,True,6,0.0145403,-0.0700295,2004-09-19,Active
SUC-HWG24EKK,S0081,Banco LATAM Tijuana Centro,Express,"Calzada Del Sol 598, Centro",Tijuana,Baja California,México,22000,Urbana,+54 11 4570 2196,sucursal0081@bancolatam.com,08:00:00,19:00:00,True,4,True,4,0.0082327,-0.0879489,1993-02-04,Active
SUC-RZNFZDVW,S0082,Banco LATAM Puebla Centro,Corporate,"Privada Las Américas 139, Centro",Puebla,Puebla,México,72000,Urbana,+54 95 9835 3178,sucursal0082@bancolatam.com,09:00:00,17:00:00,True,3,True,11,-0.0213883,-0.0745306,1999-12-28,Active
SUC-JJT8C9XQ,S0083,Banco LATAM Monterrey Centro,Corporate,"Circuito Los Pinos 737, Centro",Monterrey,Nuevo León,México,64000,Urbana,+54 64 1256 4943,sucursal0083@bancolatam.com,08:30:00,17:00:00,True,2,True,12,25.5933153,-100.296543,2021-07-19,Active
SUC-JRR5Z8WK,S0084,Banco LATAM Ciudad de México Este,Express,"Andador Cuauhtémoc 240, Centro",Ciudad de México,Ciudad de México,México,01000,Urbana,+54 29 9540 4621,sucursal0084@bancolatam.com,09:30:00,18:00:00,True,4,True,3,19.4439436,-99.1148666,2022-12-24,Active
SUC-ZXOSBE5D,S0085,Banco LATAM Puebla Oeste,Corporate,"Paseo Zaragoza 49, Centro",Puebla,Puebla,México,72000,Urbana,+54 49 3365 8586,sucursal0085@bancolatam.com,08:00:00,20:00:00,True,5,True,9,0.0114574,-0.0731814,2000-11-22,Active
SUC-U3Q69OLV,S0086,Banco LATAM Tijuana Sur,Express,"Avenida Del Valle 461, Centro",Tijuana,Baja California,México,22000,Urbana,+54 53 5967 1251,sucursal0086@bancolatam.com,08:30:00,17:30:00,True,7,True,4,0.0493758,0.0508661,2000-11-18,Active
SUC-RDJC9IH3,S0087,Banco LATAM Puebla Plaza,Corporate,"Calzada Allende 330, Centro",Puebla,Puebla,México,72000,Urbana,+54 58 6126 7781,sucursal0087@bancolatam.com,08:00:00,20:00:00,True,8,True,6,0.0482505,-0.096756,2014-10-27,Active
SUC-BDUHNO9T,S0088,Banco LATAM Puebla 88,Express,"Boulevard Independencia 201, Centro",Puebla,Puebla,México,72000,Urbana,+54 56 3773 3293,sucursal0088@bancolatam.com,09:30:00,17:30:00,True,6,True,3,0.0047889,0.0678137,1993-05-02,Active
SUC-8P0IDMOM,S0089,Banco LATAM Puebla 89,Main,"Privada San Juan 646, Centro",Puebla,Puebla,México,72000,Urbana,+54 79 7739 1194,sucursal0089@bancolatam.com,08:00:00,20:00:00,True,7,True,7,0.0071476,-0.0426623,2012-07-12,Active
SUC-I8M9CS2Y,S0090,Banco LATAM Guadalajara Oeste,Corporate,"Avenida Del Valle 99, Centro",Guadalajara,Jalisco,México,44100,Urbana,+54 39 5914 2320,sucursal0090@bancolatam.com,08:00:00,17:00:00,True,5,True,9,20.6351339,-103.354399,2018-07-25,Active
SUC-NBZZWX8W,S0091,Banco LATAM Ciudad de México Plaza,Main,"Circuito Santa María 445, Centro",Ciudad de México,Ciudad de México,México,01000,Urbana,+54 20 5593 9897,sucursal0091@bancolatam.com,08:00:00,17:30:00,True,8,True,8,19.3357316,-99.1917684,1996-06-20,Active
SUC-KUOJDQSO,S0092,Banco LATAM Monterrey Plaza,Main,"Privada Matamoros 247, Centro",Monterrey,Nuevo León,México,64000,Urbana,+54 66 4803 2245,sucursal0092@bancolatam.com,09:00:00,20:00:00,True,8,True,12,25.7775717,-100.3367594,2004-08-22,Active
SUC-JD6LDRA8,S0093,Banco LATAM Puebla Centro,Express,"Circuito 5 de Mayo 365, Centro",Puebla,Puebla,México,72000,Urbana,+54 59 3527 7383,sucursal0093@bancolatam.com,09:00:00,18:00:00,True,2,True,4,-0.098961,-0.0383465,2006-02-22,Active
SUC-KI33JLSV,S0094,Banco LATAM Ciudad de México Plaza,Express,"Privada México 460, Centro",Ciudad de México,Ciudad de México,México,01000,Urbana,+54 21 4977 9537,sucursal0094@bancolatam.com,08:30:00,19:00:00,True,3,True,5,19.3863838,-99.1795186,1996-07-18,Active
SUC-SDXPHMG4,S0095,Banco LATAM Monterrey 95,Express,"Andador Constitución 496, Centro",Monterrey,Nuevo León,México,64000,Urbana,+54 90 7224 6399,sucursal0095@bancolatam.com,09:30:00,18:00:00,True,5,True,12,25.6138249,-100.351967,2021-03-10,Active
SUC-QMYSBASD,S0096,Banco LATAM Guadalajara Sur,Corporate,"Andador Libertad 299, Centro",Guadalajara,Jalisco,México,44100,Urbana,+54 81 1440 8563,sucursal0096@bancolatam.com,08:30:00,19:00:00,True,8,True,7,20.7259564,-103.4357683,2008-05-09,Active
SUC-5FDGLKJX,S0097,Banco LATAM Monterrey Centro,Corporate,"Calzada Madero 675, Centro",Monterrey,Nuevo León,México,64000,Urbana,+54 57 9796 2392,sucursal0097@bancolatam.com,08:00:00,17:30:00,True,7,True,8,25.6198677,-100.2935644,2015-04-07,Active
SUC-337QKO7D,S0098,Banco LATAM Puebla Oeste,Express,"Camino Del Bosque 441, Centro",Puebla,Puebla,México,72000,Urbana,+54 14 8909 2712,sucursal0098@bancolatam.com,09:00:00,19:00:00,True,2,True,4,0.0662635,0.0460301,2005-08-17,Active
SUC-HFPBAT4U,S0099,Banco LATAM Guadalajara Norte,Corporate,"Paseo Zaragoza 357, Centro",Guadalajara,Jalisco,México,44100,Urbana,+54 42 9454 3858,sucursal0099@bancolatam.com,08:30:00,18:00:00,True,6,True,9,20.7513925,-103.4032289,2008-03-03,Active
SUC-QVGF07AP,S0100,Banco LATAM Tijuana Centro,Corporate,"Andador Chapultepec 30, Centro",Tijuana,Baja California,México,22000,Urbana,+54 79 4063 6993,sucursal0100@bancolatam.com,09:00:00,17:30:00,True,5,True,4,-0.0475293,0.0725273,2013-09-03,Active
SUC-CUMTPAM3,S0101,Banco LATAM Puebla Plaza,Main,"Andador Matamoros 117, Centro",Puebla,Puebla,México,72000,Urbana,+54 50 2916 3999,sucursal0101@bancolatam.com,09:00:00,17:30:00,True,6,True,9,-0.0163522,-0.0724265,2007-03-19,Active
SUC-NZJH5BG1,S0102,Banco LATAM Tijuana Centro,Express,"Paseo Del Sol 942, Centro",Tijuana,Baja California,México,22000,Urbana,+54 35 7290 9281,sucursal0102@bancolatam.com,09:30:00,19:00:00,True,7,True,10,-0.0168739,0.0679784,2011-12-03,Active
SUC-9J6GQRJ4,S0103,Banco LATAM Ciudad de México Plaza,Corporate,"Calzada Constitución 34, Centro",Ciudad de México,Ciudad de México,México,01000,Urbana,+54 57 9880 1681,sucursal0103@bancolatam.com,09:30:00,20:00:00,True,3,True,9,19.3530833,-99.0671859,2001-02-07,Active
SUC-V3V4T7QO,S0104,Banco LATAM Ciudad de México Oeste,Premium,"Circuito Madero 357, Centro",Ciudad de México,Ciudad de México,México,01000,Urbana,+54 37 4390 1972,sucursal0104@bancolatam.com,09:00:00,20:00:00,True,4,True,12,19.4403537,-99.1684693,2021-08-01,Active
SUC-T4RE29NP,S0105,Banco LATAM Monterrey Sur,Main,"Paseo Los Ángeles 696, Centro",Monterrey,Nuevo León,México,64000,Urbana,+54 52 5055 7434,sucursal0105@bancolatam.com,09:30:00,17:30:00,True,6,True,7,25.7121626,-100.3410655,1993-05-22,Active
SUC-AXDYB0RQ,S0106,Banco LATAM Ciudad de México Plaza,Corporate,"Andador Guerrero 768, Centro",Ciudad de México,Ciudad de México,México,01000,Urbana,+54 79 7516 4568,sucursal0106@bancolatam.com,09:30:00,17:30:00,True,5,True,7,19.397173,-99.1764814,2014-07-21,Active
SUC-R1MU0X5G,S0107,Banco LATAM Puebla Oeste,Corporate,"Camino Los Ángeles 699, Centro",Puebla,Puebla,México,72000,Urbana,+54 27 5945 3604,sucursal0107@bancolatam.com,09:00:00,17:00:00,True,7,True,8,-0.0499221,-0.0256312,2019-02-09,Active
SUC-RF3372LI,S0108,Banco LATAM Tijuana Centro,Main,"Boulevard La Paz 717, Centro",Tijuana,Baja California,México,22000,Urbana,+54 54 2975 7919,sucursal0108@bancolatam.com,08:30:00,19:00:00,True,2,True,6,-0.023386,0.0461527,1994-08-06,Active
SUC-TVNO2KL5,S0109,Banco LATAM Monterrey Este,Premium,"Privada Chapultepec 793, Centro",Monterrey,Nuevo León,México,64000,Urbana,+54 30 7745 8248,sucursal0109@bancolatam.com,08:30:00,17:00:00,True,2,True,5,25.7370891,-100.2981852,2007-03-24,Temporarily Closed
SUC-N8LPAX0U,S0110,Banco LATAM Monterrey Este,Express,"Privada 5 de Mayo 284, Centro",Monterrey,Nuevo León,México,64000,Urbana,+54 76 4090 7418,sucursal0110@bancolatam.com,09:00:00,17:00:00,True,8,True,6,25.6855775,-100.3935513,2012-05-30,Active
SUC-BDUFJ6GZ,S0111,Banco LATAM Querétaro Centro,Premium,"Calle Universidad 957, Centro",Querétaro,Querétaro,México,76000,Urbana,+54 12 5295 4534,sucursal0111@bancolatam.com,08:00:00,17:00:00,True,8,True,9,0.0013221,0.0257141,2012-06-23,Active
SUC-J532XZ5B,S0112,Banco LATAM Puebla Plaza,Corporate,"Avenida Las Flores 550, Centro",Puebla,Puebla,México,72000,Urbana,+54 41 1948 5005,sucursal0112@bancolatam.com,08:00:00,19:00:00,True,2,True,10,0.0224594,-0.0889943,2019-11-18,Active
SUC-P5YISP64,S0113,Banco LATAM Ciudad de México Centro,Corporate,"Calle Del Sol 141, Centro",Ciudad de México,Ciudad de México,México,01000,Urbana,+54 14 6488 8034,sucursal0113@bancolatam.com,09:00:00,20:00:00,True,2,True,7,19.4750646,-99.1178697,1993-06-16,Active
SUC-KD93KQ8I,S0114,Banco LATAM Monterrey Centro,Express,"Calle Zaragoza 880, Centro",Monterrey,Nuevo León,México,64000,Urbana,+54 71 6963 7274,sucursal0114@bancolatam.com,08:30:00,17:30:00,True,8,True,3,25.697173,-100.2333105,2023-03-24,Active
SUC-P92DIW6S,S0115,Banco LATAM Monterrey 115,Main,"Calzada México 938, Centro",Monterrey,Nuevo León,México,64000,Urbana,+54 70 5625 6090,sucursal0115@bancolatam.com,09:00:00,17:00:00,True,6,True,10,25.5881938,-100.3759658,2015-04-17,Active
SUC-YZRQJS5X,S0116,Banco LATAM Guadalajara Norte,Express,"Circuito Universidad 606, Centro",Guadalajara,Jalisco,México,44100,Urbana,+54 92 1157 6488,sucursal0116@bancolatam.com,08:00:00,19:00:00,True,8,True,7,20.5804898,-103.3436371,2000-09-07,Active
SUC-3XWIPDZ3,S0117,Banco LATAM Ciudad de México Norte,Premium,"Privada Del Sol 287, Centro",Ciudad de México,Ciudad de México,México,01000,Urbana,+54 61 2226 2020,sucursal0117@bancolatam.com,09:30:00,17:30:00,True,3,True,7,19.3847982,-99.1701982,2007-08-18,Active
SUC-7SL55GEJ,S0118,Banco LATAM Monterrey 118,Express,"Calzada Juárez 967, Centro",Monterrey,Nuevo León,México,64000,Urbana,+54 44 2964 2481,sucursal0118@bancolatam.com,08:30:00,18:00:00,True,8,True,12,25.594666,-100.248915,2004-09-14,Active
SUC-1AT6YUKJ,S0119,Banco LATAM Guadalajara 119,Main,"Camino Chapultepec 526, Centro",Guadalajara,Jalisco,México,44100,Urbana,+54 28 2989 1195,sucursal0119@bancolatam.com,08:00:00,17:30:00,True,3,True,6,20.7244347,-103.3751521,2018-04-10,Active
SUC-2Z7NT3UT,S0120,Banco LATAM Querétaro Centro,Corporate,"Boulevard Del Valle 833, Centro",Querétaro,Querétaro,México,76000,Urbana,+54 17 3752 8096,sucursal0120@bancolatam.com,09:30:00,19:00:00,True,2,True,9,0.0366426,-0.0654386,1999-08-19,Active
SUC-M8AEJ2A4,S0121,Banco LATAM Puebla Sur,Premium,"Privada Reforma 629, Centro",Puebla,Puebla,México,72000,Urbana,+54 80 1319 7266,sucursal0121@bancolatam.com,09:00:00,19:00:00,True,6,True,10,-0.0311932,0.0131302,2004-06-05,Active
SUC-1TATGCL8,S0122,Banco LATAM Ciudad de México Centro,Express,"Camino Carranza 225, Centro",Ciudad de México,Ciudad de México,México,01000,Urbana,+54 41 5366 9743,sucursal0122@bancolatam.com,08:00:00,17:30:00,True,6,True,9,19.4035609,-99.0653555,1997-10-17,Active
SUC-1PYKK6ZV,S0123,Banco LATAM Monterrey Plaza,Express,"Camino Del Valle 606, Centro",Monterrey,Nuevo León,México,64000,Urbana,+54 15 2478 1920,sucursal0123@bancolatam.com,08:30:00,20:00:00,True,3,True,3,25.6918897,-100.4159633,2017-07-19,Active
SUC-UB0LXRUU,S0124,Banco LATAM Monterrey Plaza,Corporate,"Privada Del Valle 822, Centro",Monterrey,Nuevo León,México,64000,Urbana,+54 95 7481 2655,sucursal0124@bancolatam.com,09:00:00,18:00:00,True,4,True,5,25.7817721,-100.2696296,2009-08-06,Temporarily Closed
SUC-YOXS8L6B,S0125,Banco LATAM Tijuana Este,Express,"Camino Morelos 725, Centro",Tijuana,Baja California,México,22000,Urbana,+54 11 7415 1530,sucursal0125@bancolatam.com,08:30:00,20:00:00,True,4,True,12,-0.0558209,0.01311,2012-04-04,Active
SUC-6V3PNVG9,S0126,Banco LATAM Ciudad de México Centro,Express,"Calzada Universidad 328, Centro",Ciudad de México,Ciudad de México,México,01000,Urbana,+54 24 1020 1788,sucursal0126@bancolatam.com,09:30:00,19:00:00,True,7,True,9,19.5264204,-99.0562896,2012-02-13,Active
SUC-SKR8GS10,S0127,Banco LATAM Puebla Centro,Main,"Avenida San Juan 491, Centro",Puebla,Puebla,México,72000,Urbana,+54 32 7151 3636,sucursal0127@bancolatam.com,08:00:00,20:00:00,True,2,True,8,0.0188061,0.0227289,2011-08-28,Active
SUC-F1BZEJXJ,S0128,Banco LATAM Tijuana Plaza,Express,"Privada Carranza 912, Centro",Tijuana,Baja California,México,22000,Urbana,+54 17 7437 9043,sucursal0128@bancolatam.com,08:30:00,17:00:00,True,4,True,3,-0.0144788,-0.0410901,2019-09-12,Active
SUC-6A2UBEHN,S0129,Banco LATAM Guadalajara 129,Express,"Avenida Insurgentes 212, Centro",Guadalajara,Jalisco,México,44100,Urbana,+54 59 7052 4056,sucursal0129@bancolatam.com,09:30:00,17:00:00,True,4,True,10,20.6527116,-103.4043515,2002-01-18,Active
SUC-CJYLJUTF,S0130,Banco LATAM Tijuana Oeste,Express,"Avenida Juárez 685, Centro",Tijuana,Baja California,México,22000,Urbana,+54 21 7468 1568,sucursal0130@bancolatam.com,08:30:00,17:00:00,True,8,True,10,-0.0654242,0.0968736,1999-07-04,Active
SUC-7T5LBQT3,S0131,Banco LATAM Puebla Plaza,Corporate,"Avenida Los Pinos 446, Centro",Puebla,Puebla,México,72000,Urbana,+54 77 8506 1202,sucursal0131@bancolatam.com,09:30:00,17:00:00,True,5,True,5,-0.0703601,0.0175868,1994-06-30,Active
SUC-VV9NKH6E,S0132,Banco LATAM Ciudad de México Centro,Express,"Boulevard Santa María 549, Centro",Ciudad de México,Ciudad de México,México,01000,Urbana,+54 53 4892 1807,sucursal0132@bancolatam.com,09:30:00,18:00:00,True,4,True,3,19.4001732,-99.0744696,2003-12-13,Active
SUC-4ZFT9FN6,S0133,Banco LATAM Tijuana 133,Corporate,"Avenida Santa María 234, Centro",Tijuana,Baja California,México,22000,Urbana,+54 77 7126 1920,sucursal0133@bancolatam.com,08:30:00,17:00:00,True,4,True,11,-0.019323,0.0561033,2013-07-08,Active
SUC-8GXP9TIM,S0134,Banco LATAM Guadalajara Centro,Express,"Calzada San Juan 60, Centro",Guadalajara,Jalisco,México,44100,Urbana,+54 73 8308 3909,sucursal0134@bancolatam.com,09:30:00,20:00:00,True,6,True,8,20.6285498,-103.2820692,2001-08-08,Active
SUC-KYUNO9E0,S0135,Banco LATAM Puebla 135,Corporate,"Calle Morelos 875, Centro",Puebla,Puebla,México,72000,Urbana,+54 93 3837 1138,sucursal0135@bancolatam.com,08:30:00,18:00:00,True,6,True,7,0.0425481,0.0418736,2002-05-09,Active
SUC-GOTE3INU,S0136,Banco LATAM Monterrey Plaza,Express,"Circuito Madero 224, Centro",Monterrey,Nuevo León,México,64000,Urbana,+54 24 8892 2045,sucursal0136@bancolatam.com,09:00:00,18:00:00,True,7,True,8,25.7588983,-100.3638706,2021-11-24,Active
SUC-WSSLNOPN,S0137,Banco LATAM Guadalajara Plaza,Corporate,"Paseo Las Américas 247, Centro",Guadalajara,Jalisco,México,44100,Urbana,+54 62 7361 1578,sucursal0137@bancolatam.com,08:30:00,18:00:00,True,7,True,6,20.6969636,-103.3219373,2011-05-05,Active
SUC-349TR6OC,S0138,Banco LATAM Guadalajara Norte,Express,"Paseo Morelos 301, Centro",Guadalajara,Jalisco,México,44100,Urbana,+54 50 7889 6428,sucursal0138@bancolatam.com,09:00:00,18:00:00,True,6,True,7,20.6524521,-103.4260437,1992-05-29,Active
SUC-74OJEV5Z,S0139,Banco LATAM Querétaro 139,Corporate,"Avenida Zaragoza 911, Centro",Querétaro,Querétaro,México,76000,Urbana,+54 69 3346 6183,sucursal0139@bancolatam.com,08:30:00,17:00:00,True,5,True,8,0.0262066,-0.0646351,2018-06-18,Active
SUC-6RHR3MME,S0140,Banco LATAM Monterrey 140,Main,"Calzada Las Américas 793, Centro",Monterrey,Nuevo León,México,64000,Urbana,+54 79 4267 7112,sucursal0140@bancolatam.com,08:00:00,18:00:00,True,8,True,11,25.6247153,-100.2807504,2018-02-10,Active
SUC-DL6TAAQL,S0141,Banco LATAM Monterrey 141,Corporate,"Boulevard Independencia 106, Centro",Monterrey,Nuevo León,México,64000,Urbana,+54 28 6615 9031,sucursal0141@bancolatam.com,09:00:00,17:30:00,True,3,True,9,25.5904249,-100.3712357,1995-11-20,Active
SUC-DN1V9J1Z,S0142,Banco LATAM Querétaro Centro,Main,"Paseo Morelos 127, Centro",Querétaro,Querétaro,México,76000,Urbana,+54 25 7828 8279,sucursal0142@bancolatam.com,09:30:00,17:00:00,True,6,True,7,-0.0051207,-0.0693746,2021-03-09,Active
SUC-9L4T3P44,S0143,Banco LATAM Puebla 143,Express,"Avenida Los Pinos 533, Centro",Puebla,Puebla,México,72000,Urbana,+54 36 5308 9571,sucursal0143@bancolatam.com,08:30:00,18:00:00,True,7,True,9,-0.0409298,-0.0921189,2012-04-07,Active
SUC-033KHYS2,S0144,Banco LATAM Puebla Plaza,Premium,"Camino 5 de Mayo 3, Centro",Puebla,Puebla,México,72000,Urbana,+54 69 5850 5327,sucursal0144@bancolatam.com,09:30:00,17:00:00,True,2,True,5,0.0748281,0.0704497,2006-02-27,Active
SUC-W04NBWY9,S0145,Banco LATAM Ciudad de México Plaza,Corporate,"Avenida Santa María 777, Centro",Ciudad de México,Ciudad de México,México,01000,Urbana,+54 34 2865 7566,sucursal0145@bancolatam.com,09:30:00,19:00:00,True,4,True,9,19.4705805,-99.137551,2008-12-01,Active
SUC-QZU3WHKF,S0146,Banco LATAM Guadalajara Plaza,Premium,"Avenida Independencia 713, Centro",Guadalajara,Jalisco,México,44100,Urbana,+54 98 3140 8914,sucursal0146@bancolatam.com,09:30:00,17:00:00,True,5,True,10,20.5688945,-103.3972774,2004-02-05,Active
SUC-KKZOCIP3,S0147,Banco LATAM Tijuana 147,Express,"Paseo Las Américas 762, Centro",Tijuana,Baja California,México,22000,Urbana,+54 97 7305 3435,sucursal0147@bancolatam.com,08:00:00,17:00:00,True,7,True,5,0.0011135,-0.0061422,2012-03-29,Active
SUC-Y18NE8GS,S0148,Banco LATAM Puebla Centro,Corporate,"Camino 5 de Mayo 339, Centro",Puebla,Puebla,México,72000,Urbana,+54 68 6178 2944,sucursal0148@bancolatam.com,09:30:00,17:00:00,True,2,True,9,-0.0175323,0.0114262,1990-01-03,Active
SUC-KNGCTTUB,S0149,Banco LATAM Querétaro Plaza,Corporate,"Boulevard Los Ángeles 521, Centro",Querétaro,Querétaro,México,76000,Urbana,+54 25 2596 4633,sucursal0149@bancolatam.com,08:00:00,18:00:00,True,4,True,7,0.0095381,-0.0252219,1994-10-08,Active
SUC-QE974U7T,S0150,Banco LATAM Puebla Plaza,Main,"Privada San Juan 735, Centro",Puebla,Puebla,México,72000,Urbana,+54 64 1761 3018,sucursal0150@bancolatam.com,09:30:00,19:00:00,True,7,True,12,0.0912381,-0.0730728,2012-05-17,Active
SUC-UHIX6KQ4,S0151,Banco LATAM Ciudad de México Plaza,Express,"Paseo Del Valle 444, Centro",Ciudad de México,Ciudad de México,México,01000,Urbana,+54 60 7859 5067,sucursal0151@bancolatam.com,09:00:00,19:00:00,True,4,True,7,19.4231691,-99.2065256,2008-07-07,Active
SUC-PUPXM7MA,S0152,Banco LATAM Tijuana Este,Corporate,"Paseo Constitución 864, Centro",Tijuana,Baja California,México,22000,Urbana,+54 94 3913 9255,sucursal0152@bancolatam.com,09:00:00,17:00:00,True,8,True,8,0.012456,0.0165613,2019-12-05,Active
SUC-F03D129S,S0153,Banco LATAM Querétaro Plaza,Main,"Boulevard Los Ángeles 868, Centro",Querétaro,Querétaro,México,76000,Urbana,+54 18 5835 4342,sucursal0153@bancolatam.com,08:00:00,18:00:00,True,8,True,10,-0.079504,0.0736071,2023-03-04,Active
SUC-ISPO1DES,S0154,Banco LATAM Tijuana Centro,Main,"Paseo Chapultepec 244, Centro",Tijuana,Baja California,México,22000,Urbana,+54 43 4327 8259,sucursal0154@bancolatam.com,08:30:00,18:00:00,True,8,True,12,0.009323,0.0206774,2022-07-08,Active
SUC-6IDFK4L9,S0155,Banco LATAM Guadalajara 155,Corporate,"Avenida Morelos 986, Centro",Guadalajara,Jalisco,México,44100,Urbana,+54 30 1654 3518,sucursal0155@bancolatam.com,09:00:00,20:00:00,True,2,True,12,20.728328,-103.389369,2015-09-09,Active
SUC-YIS5JECV,S0156,Banco LATAM Tijuana Plaza,Express,"Camino Guerrero 226, Centro",Tijuana,Baja California,México,22000,Urbana,+54 38 9691 8780,sucursal0156@bancolatam.com,08:00:00,17:00:00,True,7,True,8,-0.0108666,0.0808993,2017-07-12,Active
SUC-S49Q0IRI,S0157,Banco LATAM Ciudad de México 157,Main,"Camino Chapultepec 938, Centro",Ciudad de México,Ciudad de México,México,01000,Urbana,+54 94 4154 6248,sucursal0157@bancolatam.com,08:00:00,17:00:00,True,3,True,11,19.4392412,-99.1078134,1999-06-16,Active
SUC-7TVQFT2O,S0158,Banco LATAM Tijuana 158,Corporate,"Andador San Juan 107, Centro",Tijuana,Baja California,México,22000,Urbana,+54 15 2433 2200,sucursal0158@bancolatam.com,08:00:00,17:30:00,True,8,True,7,0.0116168,0.0149925,2000-03-18,Active
SUC-0OJNMRLP,S0159,Banco LATAM Puebla Plaza,Corporate,"Andador México 324, Centro",Puebla,Puebla,México,72000,Urbana,+54 24 5748 5937,sucursal0159@bancolatam.com,08:00:00,18:00:00,True,8,True,10,-0.0237173,0.0644245,1991-05-20,Active
SUC-SUAMAVYV,S0160,Banco LATAM Guadalajara Centro,Premium,"Privada La Paz 401, Centro",Guadalajara,Jalisco,México,44100,Urbana,+54 82 3316 3019,sucursal0160@bancolatam.com,08:00:00,17:00:00,True,6,True,12,20.6385163,-103.3400949,1993-10-26,Active
SUC-WU56M94O,S0161,Banco LATAM Tijuana 161,Premium,"Camino Revolución 423, Centro",Tijuana,Baja California,México,22000,Urbana,+54 20 5762 2103,sucursal0161@bancolatam.com,09:00:00,17:00:00,True,3,True,12,-0.0025619,-0.0338298,1995-10-02,Active
SUC-BGMBLKDB,S0162,Banco LATAM Monterrey Oeste,Main,"Avenida Los Ángeles 199, Centro",Monterrey,Nuevo León,México,64000,Urbana,+54 42 4629 8145,sucursal0162@bancolatam.com,09:00:00,18:00:00,True,3,True,8,25.7621772,-100.3235303,2006-02-03,Active
SUC-2ATW7QMQ,S0163,Banco LATAM Ciudad de México Centro,Corporate,"Privada Las Flores 622, Centro",Ciudad de México,Ciudad de México,México,01000,Urbana,+54 85 7637 4485,sucursal0163@bancolatam.com,08:00:00,20:00:00,True,4,True,11,19.5113972,-99.1252646,2019-05-02,Active
SUC-I3D08YZO,S0164,Banco LATAM Guadalajara 164,Express,"Boulevard Independencia 476, Centro",Guadalajara,Jalisco,México,44100,Urbana,+54 83 3395 8921,sucursal0164@bancolatam.com,09:00:00,17:00:00,True,3,True,10,20.60605,-103.3967286,2000-07-01,Active
SUC-XV1N3YM9,S0165,Banco LATAM Querétaro Este,Express,"Camino Chapultepec 481, Centro",Querétaro,Querétaro,México,76000,Urbana,+54 59 6985 2275,sucursal0165@bancolatam.com,09:00:00,19:00:00,True,3,True,11,-0.0188316,0.0634474,2005-06-24,Active
SUC-552N76DP,S0166,Banco LATAM Querétaro Norte,Express,"Calle Guerrero 904, Centro",Querétaro,Querétaro,México,76000,Urbana,+54 53 2856 8889,sucursal0166@bancolatam.com,09:30:00,19:00:00,True,3,True,12,-0.0677507,0.066673,1991-01-03,Active
SUC-IW55XIEY,S0167,Banco LATAM Querétaro Plaza,Corporate,"Privada Independencia 645, Centro",Querétaro,Querétaro,México,76000,Urbana,+54 38 8359 8723,sucursal0167@bancolatam.com,09:30:00,17:30:00,True,3,True,9,0.0201677,0.0589232,1998-02-27,Active
SUC-CGL8D37U,S0168,Banco LATAM Monterrey Oeste,Premium,"Privada La Paz 703, Centro",Monterrey,Nuevo León,México,64000,Urbana,+54 33 8796 1639,sucursal0168@bancolatam.com,08:00:00,17:00:00,True,5,True,5,25.766997,-100.3082428,1990-01-20,Active
SUC-PFXHRCSW,S0169,Banco LATAM Puebla 169,Main,"Camino Santa María 45, Centro",Puebla,Puebla,México,72000,Urbana,+54 72 4809 2373,sucursal0169@bancolatam.com,09:00:00,20:00:00,True,6,True,9,-0.048439,-0.0989061,2023-05-11,Active
SUC-NOBD5N9U,S0170,Banco LATAM Ciudad de México Plaza,Premium,"Paseo Insurgentes 385, Centro",Ciudad de México,Ciudad de México,México,01000,Urbana,+54 98 7511 4337,sucursal0170@bancolatam.com,09:30:00,20:00:00,True,8,True,11,19.4290936,-99.1591574,2014-11-22,Active
SUC-E4V48SY3,S0171,Banco LATAM Monterrey Plaza,Corporate,"Camino Las Américas 723, Centro",Monterrey,Nuevo León,México,64000,Urbana,+54 89 1852 3633,sucursal0171@bancolatam.com,09:30:00,17:00:00,True,8,True,4,25.7512511,-100.3217663,2016-12-04,Active
SUC-LQXENAY2,S0172,Banco LATAM Monterrey 172,Express,"Calzada Universidad 82, Centro",Monterrey,Nuevo León,México,64000,Urbana,+54 36 9489 5685,sucursal0172@bancolatam.com,08:30:00,17:00:00,True,8,True,12,25.6887096,-100.2764101,2017-08-06,Active
SUC-Z39EOE70,S0173,Banco LATAM Monterrey Centro,Express,"Calzada Las Flores 1, Centro",Monterrey,Nuevo León,México,64000,Urbana,+54 82 6703 6693,sucursal0173@bancolatam.com,09:00:00,17:30:00,True,6,True,6,25.6775518,-100.3353087,1990-03-18,Active
SUC-IC4I9JS9,S0174,Banco LATAM Querétaro 174,Premium,"Avenida Allende 75, Centro",Querétaro,Querétaro,México,76000,Urbana,+54 42 6565 8517,sucursal0174@bancolatam.com,09:30:00,20:00:00,True,8,True,3,-0.003606,-0.048436,2007-03-02,Active
SUC-ECJP9AEQ,S0175,Banco LATAM Guadalajara Centro,Premium,"Calzada Del Bosque 324, Centro",Guadalajara,Jalisco,México,44100,Urbana,+54 33 8807 6142,sucursal0175@bancolatam.com,09:00:00,17:30:00,True,6,True,7,20.5962569,-103.3003687,1998-07-13,Active
SUC-8UUCS42Y,S0176,Banco LATAM Medellín Centro,Corporate,"Circular Carrera 11 #894, Barrio Belén",Medellín,Antioquia,Colombia,50424,Urbana,+57 6 143 8901,sucursal0176@bancolatam.com,09:00:00,20:00:00,True,4,True,10,6.3272242,-75.4896026,2015-10-09,Active
SUC-4IFX1CUR,S0177,Banco LATAM Cartagena Centro,Corporate,"Diagonal Transversal 23 #228, Barrio Chambacú",Cartagena,Bolívar,Colombia,130010,Urbana,+57 5 423 1137,sucursal0177@bancolatam.com,08:00:00,17:30:00,True,5,True,12,-0.0798504,-0.0276795,2001-08-25,Active
SUC-DH7PDUA6,S0178,Banco LATAM Medellín Sur,Corporate,"Diagonal Avenida Jiménez #982, Barrio Manrique",Medellín,Antioquia,Colombia,50703,Urbana,+57 4 923 4863,sucursal0178@bancolatam.com,09:30:00,19:00:00,True,3,True,5,6.3076075,-75.5180916,2011-03-21,Active
SUC-H9U13579,S0179,Banco LATAM Barranquilla 179,Corporate,"Carrera 530 #93-50, Barrio La Cumbre",Barranquilla,Atlántico,Colombia,80805,Urbana,+57 4 469 6903,sucursal0179@bancolatam.com,09:00:00,18:00:00,True,2,True,9,-0.0757525,0.0734737,2017-03-01,Active
SUC-HQWDAM56,S0180,Banco LATAM Cartagena 180,Premium,"Carrera 292 #42-96, Barrio Centro Histórico",Cartagena,Bolívar,Colombia,130009,Urbana,+57 6 514 2168,sucursal0180@bancolatam.com,08:00:00,17:30:00,True,4,True,6,-0.0373036,0.0306026,2021-11-13,Active
SUC-DLYE60QN,S0181,Banco LATAM Barranquilla Norte,Express,"Diagonal Carrera 30 #800, Barrio Las Delicias",Barranquilla,Atlántico,Colombia,80962,Urbana,+57 1 197 2045,sucursal0181@bancolatam.com,09:30:00,20:00:00,True,2,True,3,0.0541867,0.0047966,1993-09-25,Active
SUC-8AM4U1NU,S0182,Banco LATAM Medellín 182,Express,"Calle 954 #50-49, Barrio San Javier",Medellín,Antioquia,Colombia,50470,Urbana,+57 6 378 9987,sucursal0182@bancolatam.com,09:30:00,17:30:00,True,7,True,11,6.1830073,-75.5462832,2018-04-23,Active
SUC-WH83BE50,S0183,Banco LATAM Barranquilla Plaza,Express,"Avenida Calle 63 #655, Barrio La Cumbre",Barranquilla,Atlántico,Colombia,80318,Urbana,+57 6 108 9059,sucursal0183@bancolatam.com,09:30:00,18:00:00,True,2,True,9,0.059593,0.0194008,1990-04-29,Active
SUC-PNT72MIS,S0184,Banco LATAM Barranquilla Plaza,Premium,"Avenida Calle 80 #405, Barrio Villa Country",Barranquilla,Atlántico,Colombia,80168,Urbana,+57 6 928 5404,sucursal0184@bancolatam.com,09:30:00,17:30:00,True,8,True,4,-0.0635186,-0.0420809,2018-07-27,Active
SUC-01J639PQ,S0185,Banco LATAM Cali Centro,Express,"Circular Avenida Caracas #504, Barrio San Fernando",Cali,Valle del Cauca,Colombia,762627,Urbana,+57 5 322 6601,sucursal0185@bancolatam.com,09:30:00,18:00:00,True,8,True,10,3.5511927,-76.5392631,1991-06-04,Active
SUC-6W9D0ZPD,S0186,Banco LATAM Medellín Oeste,Corporate,"Calle 795 #10-79, Barrio Estadio",Medellín,Antioquia,Colombia,50963,Urbana,+57 1 303 8550,sucursal0186@bancolatam.com,08:00:00,20:00:00,True,7,True,6,6.2421651,-75.5295115,2004-01-01,Active
SUC-HAC1OZ8F,S0187,Banco LATAM Bogotá Norte,Corporate,"Circular Carrera 9 #534, Barrio Usaquén",Bogotá,Cundinamarca,Colombia,111148,Urbana,+57 6 222 7484,sucursal0187@bancolatam.com,08:30:00,17:00:00,True,2,True,12,4.767695,-74.0770459,2016-09-29,Active
SUC-XZM2NPS4,S0188,Banco LATAM Bogotá Plaza,Corporate,"Carrera 512 #88-89, Barrio Usaquén",Bogotá,Cundinamarca,Colombia,111497,Urbana,+57 4 924 8187,sucursal0188@bancolatam.com,08:30:00,17:00:00,True,7,True,9,4.6826335,-74.1451536,1991-10-09,Active
SUC-KJBGVLU5,S0189,Banco LATAM Cartagena 189,Express,"Diagonal Carrera 9 #714, Barrio Crespo",Cartagena,Bolívar,Colombia,130004,Urbana,+57 4 654 7014,sucursal0189@bancolatam.com,09:30:00,17:00:00,True,8,True,11,-0.0241913,-0.0628931,1990-11-03,Active
SUC-DIHJMBN3,S0190,Banco LATAM Cartagena Centro,Corporate,"Carrera 739 #85-78, Barrio Castillogrande",Cartagena,Bolívar,Colombia,130014,Urbana,+57 2 282 1512,sucursal0190@bancolatam.com,08:30:00,17:00:00,True,5,True,6,-0.0802493,0.0142024,2007-06-07,Active
SUC-7P0XNXTG,S0191,Banco LATAM Cartagena Plaza,Premium,"Circular Calle 45 #263, Barrio Bocagrande",Cartagena,Bolívar,Colombia,130006,Urbana,+57 5 941 7046,sucursal0191@bancolatam.com,08:00:00,20:00:00,True,4,True,11,-0.0918694,-0.0859224,2003-08-20,Active
SUC-6NKYKKQR,S0192,Banco LATAM Cartagena 192,Corporate,"Calle 743 #69-59, Barrio Manga",Cartagena,Bolívar,Colombia,130004,Urbana,+57 5 206 3733,sucursal0192@bancolatam.com,08:30:00,20:00:00,True,5,True,11,-0.0324974,-0.0683647,2016-11-29,Active
SUC-RFQLK7RX,S0193,Banco LATAM Cali Plaza,Corporate,"Avenida Calle 85 #866, Barrio Tequendama",Cali,Valle del Cauca,Colombia,763378,Urbana,+57 5 506 1003,sucursal0193@bancolatam.com,08:00:00,18:00:00,True,6,True,3,3.4551219,-76.4333176,2003-07-17,Active
SUC-IKK3G59W,S0194,Banco LATAM Medellín Sur,Express,"Carrera 23 #89-45, Barrio Guayabal",Medellín,Antioquia,Colombia,51134,Urbana,+57 4 194 7550,sucursal0194@bancolatam.com,08:30:00,17:00:00,True,7,True,8,6.3061808,-75.6312195,2020-12-07,Active
SUC-22RCTEVV,S0195,Banco LATAM Bogotá Centro,Premium,"Avenida Calle 63 #308, Barrio Chapinero",Bogotá,Cundinamarca,Colombia,111673,Urbana,+57 5 155 5993,sucursal0195@bancolatam.com,08:00:00,18:00:00,True,6,True,12,4.640916,-74.0716197,1999-11-27,Active
SUC-3FS5CHQJ,S0196,Banco LATAM Barranquilla Centro,Express,"Transversal Calle 134 #610, Barrio El Poblado",Barranquilla,Atlántico,Colombia,80517,Urbana,+57 5 892 3136,sucursal0196@bancolatam.com,08:30:00,19:00:00,True,6,True,6,-0.0024278,0.0304497,1998-10-18,Active
SUC-X3OFCBL0,S0197,Banco LATAM Cartagena Este,Corporate,"Carrera 74 #56-51, Barrio Getsemaní",Cartagena,Bolívar,Colombia,130011,Urbana,+57 6 941 8245,sucursal0197@bancolatam.com,08:30:00,19:00:00,True,2,True,6,-0.060063,-0.0252358,2022-09-05,Active
SUC-O4G07J7I,S0198,Banco LATAM Bogotá 198,Premium,"Carrera 949 #37-11, Barrio Suba",Bogotá,Cundinamarca,Colombia,111517,Urbana,+57 2 811 1301,sucursal0198@bancolatam.com,09:30:00,20:00:00,True,7,True,11,4.6196964,-74.1380361,2002-09-28,Active
SUC-2NNWC3AV,S0199,Banco LATAM Cartagena Oeste,Corporate,"Diagonal Carrera 7 #477, Barrio La Boquilla",Cartagena,Bolívar,Colombia,130001,Urbana,+57 6 826 2631,sucursal0199@bancolatam.com,09:00:00,19:00:00,True,8,True,12,0.0063121,-0.0627165,2012-06-16,Active
SUC-E5CCM8ZI,S0200,Banco LATAM Bogotá Plaza,Corporate,"Calle 945 #40-52, Barrio Santa Bárbara",Bogotá,Cundinamarca,Colombia,112117,Urbana,+57 1 668 5590,sucursal0200@bancolatam.com,08:30:00,17:30:00,True,4,True,9,4.7423864,-74.154541,2007-02-23,Temporarily Closed
SUC-85YWBJ74,S0201,Banco LATAM Cartagena Sur,Express,"Autopista Calle 63 #703, Barrio Manga",Cartagena,Bolívar,Colombia,130007,Urbana,+57 6 238 8046,sucursal0201@bancolatam.com,08:30:00,20:00:00,True,3,True,8,-0.0864372,0.0065923,2022-04-10,Active
SUC-YAQTMQ56,S0202,Banco LATAM Medellín Sur,Main,"Circular Calle 100 #784, Barrio La América",Medellín,Antioquia,Colombia,50848,Urbana,+57 6 731 5372,sucursal0202@bancolatam.com,08:30:00,20:00:00,True,3,True,6,6.2850756,-75.5939477,2020-11-13,Active
SUC-UH461R09,S0203,Banco LATAM Cartagena Oeste,Corporate,"Transversal Calle 93 #666, Barrio Centro Histórico",Cartagena,Bolívar,Colombia,130003,Urbana,+57 2 875 4351,sucursal0203@bancolatam.com,08:00:00,17:30:00,True,5,True,12,-0.0020114,-0.0350209,2010-07-11,Active
SUC-EXKJNP13,S0204,Banco LATAM Bogotá Centro,Corporate,"Avenida Carrera 50 #845, Barrio Teusaquillo",Bogotá,Cundinamarca,Colombia,111392,Urbana,+57 2 631 9812,sucursal0204@bancolatam.com,09:30:00,17:00:00,True,6,True,9,4.7142253,-74.0459703,1992-03-18,Active
SUC-5AXOWGN3,S0205,Banco LATAM Barranquilla Norte,Corporate,"Diagonal Calle 134 #848, Barrio El Golf",Barranquilla,Atlántico,Colombia,80473,Urbana,+57 6 238 7440,sucursal0205@bancolatam.com,09:30:00,18:00:00,True,5,True,3,-0.0642243,0.0180631,2021-12-19,Active
SUC-P44GDIDS,S0206,Banco LATAM Bogotá 206,Premium,"Diagonal Calle 85 #709, Barrio Chicó",Bogotá,Cundinamarca,Colombia,110782,Urbana,+57 1 886 3799,sucursal0206@bancolatam.com,09:00:00,20:00:00,True,8,True,5,4.6434248,-74.1431785,2021-12-10,Active
SUC-M447M9GU,S0207,Banco LATAM Cali 207,Express,"Circular Calle 134 #985, Barrio Versalles",Cali,Valle del Cauca,Colombia,762366,Urbana,+57 6 775 8794,sucursal0207@bancolatam.com,09:30:00,19:00:00,True,5,True,4,3.4718433,-76.6306854,2014-07-21,Active
SUC-1C51KLB3,S0208,Banco LATAM Cartagena 208,Corporate,"Autopista Calle 26 #51, Barrio Laguito",Cartagena,Bolívar,Colombia,130003,Urbana,+57 2 788 5659,sucursal0208@bancolatam.com,08:30:00,19:00:00,True,7,True,12,-0.0279623,-0.092832,2003-06-05,Active
SUC-JA4P9IIP,S0209,Banco LATAM Barranquilla Centro,Premium,"Autopista Carrera 15 #777, Barrio Boston",Barranquilla,Atlántico,Colombia,80864,Urbana,+57 6 189 8924,sucursal0209@bancolatam.com,09:00:00,19:00:00,True,6,True,8,-0.048068,0.0150285,2017-12-16,Active
SUC-HTV8A64G,S0210,Banco LATAM Cartagena Norte,Corporate,"Avenida Avenida Jiménez #533, Barrio Torices",Cartagena,Bolívar,Colombia,130011,Urbana,+57 5 523 1745,sucursal0210@bancolatam.com,09:00:00,18:00:00,True,6,True,6,-0.0977405,-0.0597626,2002-08-20,Active
SUC-4BEKYT6U,S0211,Banco LATAM Cali 211,Corporate,"Diagonal Calle 53 #564, Barrio Tequendama",Cali,Valle del Cauca,Colombia,760051,Urbana,+57 2 593 3545,sucursal0211@bancolatam.com,09:30:00,20:00:00,True,4,True,10,3.5083978,-76.5492094,2023-04-24,Active
SUC-0KBWS25U,S0212,Banco LATAM Cali 212,Premium,"Avenida Carrera 50 #695, Barrio Tequendama",Cali,Valle del Cauca,Colombia,764390,Urbana,+57 2 684 7382,sucursal0212@bancolatam.com,08:30:00,20:00:00,True,2,True,7,3.4926532,-76.5691001,1991-06-03,Active
SUC-A4SSWF0H,S0213,Banco LATAM Barranquilla Sur,Express,"Carrera 463 #39-37, Barrio Las Delicias",Barranquilla,Atlántico,Colombia,80538,Urbana,+57 5 850 9579,sucursal0213@bancolatam.com,09:00:00,18:00:00,True,3,True,4,0.0644277,0.0876048,2020-05-10,Active
SUC-4B1UVBW3,S0214,Banco LATAM Bogotá Centro,Premium,"Transversal Transversal 23 #731, Barrio Zona T",Bogotá,Cundinamarca,Colombia,112250,Urbana,+57 4 754 4438,sucursal0214@bancolatam.com,09:00:00,17:30:00,True,3,True,7,4.6663299,-74.10827,2009-10-15,Active
SUC-I7CB5PA8,S0215,Banco LATAM Medellín Plaza,Premium,"Diagonal Calle 72 #16, Barrio Manrique",Medellín,Antioquia,Colombia,51147,Urbana,+57 4 653 8268,sucursal0215@bancolatam.com,08:00:00,17:30:00,True,2,True,10,6.3282585,-75.6557088,2007-03-17,Active
SUC-OGCB7RT2,S0216,Banco LATAM Barranquilla Oeste,Main,"Carrera 611 #76-90, Barrio Villa Carolina",Barranquilla,Atlántico,Colombia,80857,Urbana,+57 5 199 8464,sucursal0216@bancolatam.com,09:00:00,19:00:00,True,5,True,6,0.0894897,-0.0712557,2017-09-03,Active
SUC-H24HUACK,S0217,Banco LATAM Barranquilla 217,Corporate,"Carrera 940 #43-51, Barrio San Francisco",Barranquilla,Atlántico,Colombia,80465,Urbana,+57 1 433 2162,sucursal0217@bancolatam.com,09:00:00,20:00:00,True,5,True,9,0.0181072,-0.0522849,2000-12-06,Active
SUC-OFZKCO6O,S0218,Banco LATAM Barranquilla Centro,Premium,"Transversal Carrera 15 #349, Barrio Villa Country",Barranquilla,Atlántico,Colombia,80834,Urbana,+57 5 433 2599,sucursal0218@bancolatam.com,09:30:00,17:30:00,True,4,True,9,-0.0860785,-0.0782511,2016-10-02,Active
SUC-RNGAMG7V,S0219,Banco LATAM Bogotá Plaza,Corporate,"Calle 837 #75-91, Barrio Suba",Bogotá,Cundinamarca,Colombia,110111,Urbana,+57 5 835 6640,sucursal0219@bancolatam.com,08:00:00,20:00:00,True,2,True,12,4.8082843,-74.0912605,1995-09-21,Active
SUC-A1FLMPEF,S0220,Banco LATAM Cartagena Sur,Express,"Calle 721 #46-24, Barrio Marbella",Cartagena,Bolívar,Colombia,130014,Urbana,+57 2 668 7301,sucursal0220@bancolatam.com,09:00:00,19:00:00,True,3,True,7,0.0994912,0.0340132,1996-01-10,Active
SUC-3NEGSLF6,S0221,Banco LATAM Bogotá 221,Express,"Carrera 907 #85-65, Barrio La Candelaria",Bogotá,Cundinamarca,Colombia,110667,Urbana,+57 2 290 7959,sucursal0221@bancolatam.com,08:00:00,20:00:00,True,5,True,6,4.753426,-74.1182499,2014-07-02,Active
SUC-KY2QIURA,S0222,Banco LATAM Bogotá Centro,Express,"Avenida Avenida Jiménez #722, Barrio Kennedy",Bogotá,Cundinamarca,Colombia,110574,Urbana,+57 1 800 9834,sucursal0222@bancolatam.com,09:00:00,20:00:00,True,2,True,8,4.7180067,-74.1699433,2010-05-14,Active
SUC-A6PLAS9M,S0223,Banco LATAM Cartagena Centro,Corporate,"Circular Calle 85 #432, Barrio Centro Histórico",Cartagena,Bolívar,Colombia,130013,Urbana,+57 4 928 1447,sucursal0223@bancolatam.com,09:00:00,19:00:00,True,2,True,5,0.0011192,0.0702891,2002-06-19,Active
SUC-LWQND6S8,S0224,Banco LATAM Cali Centro,Express,"Diagonal Calle 19 #15, Barrio Juanambú",Cali,Valle del Cauca,Colombia,760914,Urbana,+57 1 248 3525,sucursal0224@bancolatam.com,09:30:00,19:00:00,True,8,True,9,3.3991895,-76.543963,2018-08-08,Active
SUC-GHHYX8OE,S0225,Banco LATAM Cali Este,Express,"Calle 271 #15-16, Barrio Flora Industrial",Cali,Valle del Cauca,Colombia,761373,Urbana,+57 5 112 5731,sucursal0225@bancolatam.com,09:30:00,19:00:00,True,7,True,8,3.5439525,-76.4954247,1991-11-04,Active
SUC-C93NERQQ,S0226,Banco LATAM Cali Plaza,Corporate,"Autopista Calle 80 #626, Barrio La Base",Cali,Valle del Cauca,Colombia,762234,Urbana,+57 2 420 9972,sucursal0226@bancolatam.com,08:00:00,17:00:00,True,8,True,4,3.3539923,-76.6124602,1994-08-30,Active
SUC-2LW7L4Y3,S0227,Banco LATAM Cali 227,Corporate,"Diagonal Calle 26 #35, Barrio El Peñón",Cali,Valle del Cauca,Colombia,760754,Urbana,+57 6 922 4027,sucursal0227@bancolatam.com,08:00:00,17:30:00,True,4,True,7,3.4449911,-76.4447636,2018-08-27,Active
SUC-9S92DZ9T,S0228,Banco LATAM Cali 228,Main,"Autopista Calle 80 #709, Barrio La Base",Cali,Valle del Cauca,Colombia,762650,Urbana,+57 2 724 7432,sucursal0228@bancolatam.com,08:30:00,19:00:00,True,2,True,5,3.4597264,-76.5457493,2017-07-17,Active
SUC-2QR0HN01,S0229,Banco LATAM Barranquilla Plaza,Express,"Circular Calle 19 #106, Barrio El Prado",Barranquilla,Atlántico,Colombia,80075,Urbana,+57 4 500 1060,sucursal0229@bancolatam.com,09:30:00,19:00:00,True,5,True,9,0.0688098,0.0561874,1993-02-22,Active
SUC-JZCA1ZND,S0230,Banco LATAM Barranquilla Centro,Corporate,"Circular Calle 134 #494, Barrio Alto Prado",Barranquilla,Atlántico,Colombia,80581,Urbana,+57 4 763 4327,sucursal0230@bancolatam.com,08:30:00,20:00:00,True,2,True,9,0.0321468,-0.0402259,2007-07-02,Active
SUC-Q56PLH2J,S0231,Banco LATAM Cali 231,Express,"Transversal Carrera 15 #907, Barrio Normandía",Cali,Valle del Cauca,Colombia,763588,Urbana,+57 5 116 1606,sucursal0231@bancolatam.com,09:00:00,17:00:00,True,4,True,3,3.4327016,-76.5896644,2019-05-01,Active
SUC-5NGX1P46,S0232,Banco LATAM Cartagena Plaza,Corporate,"Carrera 594 #10-14, Barrio Manga",Cartagena,Bolívar,Colombia,130012,Urbana,+57 1 567 3796,sucursal0232@bancolatam.com,08:00:00,17:00:00,True,2,True,10,0.0189955,0.0231257,1992-10-30,Active
SUC-4USRLC45,S0233,Banco LATAM Barranquilla Oeste,Corporate,"Diagonal Calle 72 #701, Barrio El Poblado",Barranquilla,Atlántico,Colombia,80559,Urbana,+57 6 268 8187,sucursal0233@bancolatam.com,08:30:00,20:00:00,True,2,True,5,-0.0800064,0.0694733,2017-06-22,Active
SUC-XPLAOSH4,S0234,Banco LATAM Bogotá Plaza,Express,"Transversal Carrera 15 #7, Barrio Chapinero",Bogotá,Cundinamarca,Colombia,110845,Urbana,+57 5 344 3859,sucursal0234@bancolatam.com,08:00:00,20:00:00,True,3,True,10,4.73341,-74.1544958,2003-07-06,Active
SUC-VZIGM714,S0235,Banco LATAM Cartagena 235,Express,"Carrera 121 #13-89, Barrio Marbella",Cartagena,Bolívar,Colombia,130006,Urbana,+57 2 786 1706,sucursal0235@bancolatam.com,08:00:00,18:00:00,True,4,True,6,-0.0130657,-0.0331411,2010-04-30,Active
SUC-H4WPLB7O,S0236,Banco LATAM Bogotá Este,Corporate,"Avenida Autopista Norte #162, Barrio El Poblado",Bogotá,Cundinamarca,Colombia,110230,Urbana,+57 4 333 2606,sucursal0236@bancolatam.com,08:30:00,19:00:00,True,8,True,6,4.6861065,-74.1279674,2011-02-16,Active
SUC-DG6C9C1K,S0237,Banco LATAM Barranquilla Este,Main,"Carrera 951 #59-32, Barrio El Poblado",Barranquilla,Atlántico,Colombia,80397,Urbana,+57 5 569 7852,sucursal0237@bancolatam.com,08:30:00,18:00:00,True,3,True,7,0.0207272,0.0579094,2018-08-14,Active
SUC-IV7HG0FV,S0238,Banco LATAM Cartagena Plaza,Express,"Avenida Carrera 11 #89, Barrio Pie de la Popa",Cartagena,Bolívar,Colombia,130014,Urbana,+57 2 705 3440,sucursal0238@bancolatam.com,08:00:00,19:00:00,True,2,True,3,0.0982547,0.0466953,2012-08-14,Active
SUC-H2ROE7C8,S0239,Banco LATAM Barranquilla Centro,Express,"Transversal Calle 93 #842, Barrio Alto Prado",Barranquilla,Atlántico,Colombia,80464,Urbana,+57 4 265 8524,sucursal0239@bancolatam.com,08:00:00,19:00:00,True,5,True,5,0.0748398,-0.0189279,2006-08-13,Active
SUC-JARPMK7O,S0240,Banco LATAM Bogotá Centro,Express,"Autopista Calle 63 #73, Barrio Teusaquillo",Bogotá,Cundinamarca,Colombia,111474,Urbana,+57 4 152 2818,sucursal0240@bancolatam.com,09:30:00,18:00:00,True,5,True,12,4.6191749,-74.0988134,2019-01-28,Active
SUC-84HXKY7Q,S0241,Banco LATAM Cartagena Plaza,Express,"Circular Calle 134 #210, Barrio Laguito",Cartagena,Bolívar,Colombia,130006,Urbana,+57 4 615 7929,sucursal0241@bancolatam.com,09:00:00,17:00:00,True,2,True,8,-0.0309547,-0.0027546,2013-08-17,Active
SUC-MSYTX2WG,S0242,Banco LATAM Cartagena 242,Corporate,"Circular Carrera 9 #922, Barrio Getsemaní",Cartagena,Bolívar,Colombia,130008,Urbana,+57 4 178 2791,sucursal0242@bancolatam.com,08:30:00,18:00:00,True,2,True,5,-0.0007343,0.0749986,2013-05-10,Active
SUC-CFNA2V8Y,S0243,Banco LATAM Barranquilla 243,Premium,"Circular Carrera 9 #955, Barrio Riomar",Barranquilla,Atlántico,Colombia,80486,Urbana,+57 4 597 9686,sucursal0243@bancolatam.com,09:30:00,19:00:00,True,4,True,12,-0.0736091,0.0578697,1997-09-14,Active
SUC-CG5XPAZU,S0244,Banco LATAM Cali Sur,Express,"Diagonal Calle 134 #866, Barrio El Peñón",Cali,Valle del Cauca,Colombia,761216,Urbana,+57 1 424 3072,sucursal0244@bancolatam.com,09:30:00,18:00:00,True,4,True,5,3.3926311,-76.4905731,2019-11-09,Temporarily Closed
SUC-AXEH5GB0,S0245,Banco LATAM Medellín Plaza,Express,"Diagonal Carrera 30 #553, Barrio Envigado",Medellín,Antioquia,Colombia,51093,Urbana,+57 4 872 3409,sucursal0245@bancolatam.com,09:30:00,18:00:00,True,7,True,4,6.2939281,-75.4857651,1996-04-03,Active
SUC-CBL7ISR7,S0246,Banco LATAM Bogotá 246,Corporate,"Transversal Avenida Caracas #862, Barrio Engativá",Bogotá,Cundinamarca,Colombia,111937,Urbana,+57 1 624 7462,sucursal0246@bancolatam.com,08:30:00,19:00:00,True,4,True,12,4.7320156,-73.9834196,2019-11-29,Active
SUC-CBGK7VQE,S0247,Banco LATAM Barranquilla Plaza,Express,"Diagonal Transversal 23 #382, Barrio El Prado",Barranquilla,Atlántico,Colombia,80292,Urbana,+57 5 846 7786,sucursal0247@bancolatam.com,08:30:00,20:00:00,True,6,True,4,-0.0712721,-0.0393538,2013-07-25,Active
SUC-M96GKW7T,S0248,Banco LATAM Cartagena 248,Main,"Autopista Transversal 23 #91, Barrio Bocagrande",Cartagena,Bolívar,Colombia,130007,Urbana,+57 4 954 5979,sucursal0248@bancolatam.com,09:30:00,20:00:00,True,7,True,10,-0.055096,0.0582439,1996-11-28,Active
SUC-HO849Z2Q,S0249,Banco LATAM Barranquilla 249,Corporate,"Calle 682 #37-63, Barrio Villa Carolina",Barranquilla,Atlántico,Colombia,80184,Urbana,+57 5 810 2959,sucursal0249@bancolatam.com,09:00:00,20:00:00,True,7,True,12,-0.096491,-0.0480926,2016-02-03,Active
SUC-9FWCAJXI,S0250,Banco LATAM Barranquilla Centro,Premium,"Circular Avenida El Dorado #366, Barrio Riomar",Barranquilla,Atlántico,Colombia,80055,Urbana,+57 2 656 6285,sucursal0250@bancolatam.com,09:00:00,18:00:00,True,4,True,8,-0.0808333,0.0160093,1996-06-12,Active
SUC-X57ITSKO,S0251,Banco LATAM Cali 251,Express,"Diagonal Calle 134 #497, Barrio Limonar",Cali,Valle del Cauca,Colombia,762788,Urbana,+57 1 219 3150,sucursal0251@bancolatam.com,08:00:00,19:00:00,True,4,True,7,3.4898101,-76.6041972,2009-10-28,Active
SUC-4OOB7ZFR,S0252,Banco LATAM Cali Centro,Main,"Carrera 312 #96-25, Barrio El Peñón",Cali,Valle del Cauca,Colombia,761822,Urbana,+57 5 875 8065,sucursal0252@bancolatam.com,08:00:00,17:30:00,True,2,True,3,3.510211,-76.5293042,1992-08-29,Active
SUC-X7W6C3UX,S0253,Banco LATAM Cali Plaza,Express,"Calle 309 #2-22, Barrio Normandía",Cali,Valle del Cauca,Colombia,761015,Urbana,+57 6 899 4962,sucursal0253@bancolatam.com,08:00:00,17:00:00,True,8,True,12,3.5042488,-76.5262323,2022-02-09,Temporarily Closed
SUC-XXUHP6O3,S0254,Banco LATAM Medellín 254,Express,"Autopista Carrera 9 #5, Barrio La Candelaria",Medellín,Antioquia,Colombia,50203,Urbana,+57 6 333 7677,sucursal0254@bancolatam.com,08:00:00,18:00:00,True,2,True,10,6.1696632,-75.6386175,2006-03-16,Active
SUC-LBZFJAU6,S0255,Banco LATAM Bogotá 255,Corporate,"Calle 506 #50-46, Barrio Usaquén",Bogotá,Cundinamarca,Colombia,111982,Urbana,+57 4 283 1209,sucursal0255@bancolatam.com,09:30:00,17:00:00,True,5,True,10,4.7155325,-74.0367963,1995-05-08,Active
SUC-ZCLZ4UQA,S0256,Banco LATAM Cartagena 256,Express,"Calle 948 #22-18, Barrio El Laguito",Cartagena,Bolívar,Colombia,130006,Urbana,+57 6 514 8938,sucursal0256@bancolatam.com,09:00:00,17:30:00,True,8,True,10,-0.0783927,-0.049862,2012-04-22,Active
SUC-06LBAMRN,S0257,Banco LATAM Medellín 257,Express,"Calle 756 #9-73, Barrio El Poblado",Medellín,Antioquia,Colombia,51389,Urbana,+57 5 602 9270,sucursal0257@bancolatam.com,09:00:00,20:00:00,True,4,True,11,6.256924,-75.4752839,1991-06-02,Active
SUC-F16NSV5F,S0258,Banco LATAM Bogotá 258,Express,"Transversal Carrera 30 #323, Barrio Zona T",Bogotá,Cundinamarca,Colombia,111652,Urbana,+57 1 682 9037,sucursal0258@bancolatam.com,09:30:00,19:00:00,True,6,True,5,4.712337,-74.093823,2012-03-11,Temporarily Closed
SUC-2L4DTLRM,S0259,Banco LATAM Cartagena Centro,Express,"Circular Diagonal 27 #785, Barrio Getsemaní",Cartagena,Bolívar,Colombia,130006,Urbana,+57 4 521 6755,sucursal0259@bancolatam.com,08:00:00,17:30:00,True,3,True,6,0.0296166,0.0185063,2020-11-11,Active
SUC-1NFIF0G0,S0260,Banco LATAM Bogotá 260,Premium,"Diagonal Autopista Norte #21, Barrio Santa Bárbara",Bogotá,Cundinamarca,Colombia,111446,Urbana,+57 4 686 2601,sucursal0260@bancolatam.com,09:30:00,17:00:00,True,7,True,6,4.6781935,-74.0715463,2019-12-09,Active
SUC-UJA1ZE8Q,S0261,Banco LATAM Cali Centro,Premium,"Diagonal Calle 80 #207, Barrio Versalles",Cali,Valle del Cauca,Colombia,760618,Urbana,+57 4 168 9700,sucursal0261@bancolatam.com,09:30:00,19:00:00,True,3,True,8,3.5107303,-76.5016926,2003-07-17,Active
SUC-EMGR60PV,S0262,Banco LATAM Barranquilla Oeste,Corporate,"Circular Carrera 9 #321, Barrio Villa Country",Barranquilla,Atlántico,Colombia,80425,Urbana,+57 5 374 9728,sucursal0262@bancolatam.com,09:30:00,20:00:00,True,7,True,3,0.0044539,-0.0271451,1996-08-17,Active
SUC-MU9A5O88,S0263,Banco LATAM Cali Sur,Main,"Autopista Calle 80 #421, Barrio Tequendama",Cali,Valle del Cauca,Colombia,760528,Urbana,+57 4 575 8952,sucursal0263@bancolatam.com,09:30:00,19:00:00,True,7,True,3,3.3919981,-76.5774576,1991-04-23,Active
SUC-YH0U3LVW,S0264,Banco LATAM Cali Plaza,Corporate,"Circular Carrera 9 #181, Barrio Normandía",Cali,Valle del Cauca,Colombia,760346,Urbana,+57 1 506 3302,sucursal0264@bancolatam.com,08:30:00,17:00:00,True,6,True,11,3.5381871,-76.5276085,2016-01-14,Active
SUC-TQX7379E,S0265,Banco LATAM Bogotá 265,Express,"Carrera 126 #41-52, Barrio El Poblado",Bogotá,Cundinamarca,Colombia,111708,Urbana,+57 1 424 9941,sucursal0265@bancolatam.com,09:30:00,19:00:00,True,7,True,6,4.8036631,-73.9962133,1996-07-02,Active
SUC-UNXOS8JB,S0266,Banco LATAM Cali Centro,Express,"Autopista Carrera 13 #22, Barrio Normandía",Cali,Valle del Cauca,Colombia,760286,Urbana,+57 2 978 8248,sucursal0266@bancolatam.com,09:30:00,17:00:00,True,5,True,7,3.4117776,-76.4447355,2000-07-24,Active
SUC-E1VTXGEU,S0267,Banco LATAM Medellín Centro,Corporate,"Transversal Calle 63 #325, Barrio San Javier",Medellín,Antioquia,Colombia,51320,Urbana,+57 4 618 2087,sucursal0267@bancolatam.com,09:00:00,19:00:00,True,6,True,11,6.2951571,-75.5751476,1991-03-25,Active
SUC-07AK38PR,S0268,Banco LATAM Medellín 268,Corporate,"Circular Carrera 30 #811, Barrio Buenos Aires",Medellín,Antioquia,Colombia,50279,Urbana,+57 4 562 8837,sucursal0268@bancolatam.com,08:30:00,18:00:00,True,3,True,12,6.3129537,-75.5058943,1998-11-29,Active
SUC-8YXNMWZ7,S0269,Banco LATAM Medellín Centro,Express,"Transversal Transversal 23 #968, Barrio El Centro",Medellín,Antioquia,Colombia,51169,Urbana,+57 5 714 5262,sucursal0269@bancolatam.com,08:30:00,17:00:00,True,4,True,5,6.3370487,-75.6423299,2022-03-27,Active
SUC-P6VSAH4U,S0270,Banco LATAM Barranquilla Plaza,Corporate,"Autopista Carrera 68 #507, Barrio Alto Prado",Barranquilla,Atlántico,Colombia,80230,Urbana,+57 2 528 3955,sucursal0270@bancolatam.com,09:30:00,17:30:00,True,2,True,7,0.0952256,-0.0529029,2010-03-25,Active
SUC-OPPQ932B,S0271,Banco LATAM Barranquilla 271,Corporate,"Calle 481 #42-98, Barrio Riomar",Barranquilla,Atlántico,Colombia,80408,Urbana,+57 6 786 1745,sucursal0271@bancolatam.com,08:00:00,18:00:00,True,6,True,12,-0.0238125,0.0955048,2020-02-10,Active
SUC-XV4BJ541,S0272,Banco LATAM Cartagena 272,Corporate,"Calle 184 #22-74, Barrio Getsemaní",Cartagena,Bolívar,Colombia,130008,Urbana,+57 4 865 6907,sucursal0272@bancolatam.com,09:30:00,18:00:00,True,4,True,12,0.0659178,0.0853434,2013-03-11,Active
SUC-KXMF616G,S0273,Banco LATAM Medellín 273,Express,"Diagonal Carrera 50 #504, Barrio Guayabal",Medellín,Antioquia,Colombia,50310,Urbana,+57 5 141 8233,sucursal0273@bancolatam.com,09:00:00,20:00:00,True,5,True,10,6.2461977,-75.4966323,1996-08-22,Active
SUC-QTKN7Z0R,S0274,Banco LATAM Medellín 274,Corporate,"Autopista Carrera 13 #185, Barrio El Centro",Medellín,Antioquia,Colombia,50345,Urbana,+57 2 886 9161,sucursal0274@bancolatam.com,08:00:00,18:00:00,True,2,True,7,6.2838625,-75.5296721,2007-09-07,Active
SUC-GPHM9NB1,S0275,Banco LATAM Bogotá Plaza,Corporate,"Autopista Calle 85 #158, Barrio Chapinero",Bogotá,Cundinamarca,Colombia,110443,Urbana,+57 6 232 4463,sucursal0275@bancolatam.com,08:00:00,18:00:00,True,4,True,3,4.75976,-74.0626688,2017-01-06,Active
SUC-U5SARN4H,S0276,Banco LATAM Cali Plaza,Corporate,"Carrera 989 #52-21, Barrio Flora Industrial",Cali,Valle del Cauca,Colombia,760169,Urbana,+57 6 234 6882,sucursal0276@bancolatam.com,08:00:00,18:00:00,True,6,True,6,3.4495246,-76.4549174,2011-05-16,Active
SUC-FF1CG8O5,S0277,Banco LATAM Barranquilla Centro,Express,"Calle 433 #48-88, Barrio Barrio Abajo",Barranquilla,Atlántico,Colombia,80191,Urbana,+57 5 181 8825,sucursal0277@bancolatam.com,09:00:00,17:30:00,True,3,True,7,0.0683076,0.0046184,2003-04-04,Active
SUC-GPTCLR0Q,S0278,Banco LATAM Bogotá Oeste,Corporate,"Calle 111 #55-62, Barrio Santa Bárbara",Bogotá,Cundinamarca,Colombia,110498,Urbana,+57 5 146 2364,sucursal0278@bancolatam.com,09:30:00,18:00:00,True,4,True,12,4.7558189,-74.0206291,2010-03-08,Active
SUC-QLV3J046,S0279,Banco LATAM Cali 279,Corporate,"Autopista Autopista Norte #217, Barrio Granada",Cali,Valle del Cauca,Colombia,760641,Urbana,+57 6 843 8974,sucursal0279@bancolatam.com,09:00:00,20:00:00,True,8,True,12,3.4237458,-76.4972394,2020-12-18,Active
SUC-U7NNFMS6,S0280,Banco LATAM Bogotá 280,Main,"Carrera 15 #15-12, Barrio Engativá",Bogotá,Cundinamarca,Colombia,110881,Urbana,+57 5 122 2908,sucursal0280@bancolatam.com,08:30:00,17:30:00,True,7,True,10,4.8037734,-74.0778022,2010-03-01,Active
SUC-0MPZUQLJ,S0281,Banco LATAM Rosario Centro,Express,"Diagonal Avenida Belgrano 53, Pellegrini",Rosario,Santa Fe,Argentina,S2000,Urbana,+54 73 9410 8993,sucursal0281@bancolatam.com,08:30:00,17:00:00,True,6,True,3,-32.9597991,-60.68773,1992-11-06,Active
SUC-XCP0A6C8,S0282,Banco LATAM Mendoza Plaza,Corporate,"Boulevard Avenida Libertador 507, Bombal",Mendoza,Mendoza,Argentina,M5500,Urbana,+54 95 8675 3148,sucursal0282@bancolatam.com,09:00:00,19:00:00,True,5,True,8,0.0591945,0.059951,1997-04-08,Active
SUC-7L3EZA71,S0283,Banco LATAM Buenos Aires Plaza,Corporate,"Camino Calle Reconquista 133, Belgrano",Buenos Aires,Ciudad Autónoma de Buenos Aires,Argentina,C1000,Urbana,+54 56 3598 3862,sucursal0283@bancolatam.com,08:00:00,17:00:00,True,4,True,9,-34.6809061,-58.4362619,2015-03-18,Active
SUC-RKWUVL31,S0284,Banco LATAM Rosario 284,Corporate,"Ruta Calle Lavalle 788, Centro",Rosario,Santa Fe,Argentina,S2000,Urbana,+54 25 2734 2669,sucursal0284@bancolatam.com,08:00:00,20:00:00,True,2,True,5,-32.9182148,-60.5767261,2006-03-23,Active
SUC-V5DT47YR,S0285,Banco LATAM Mendoza Norte,Corporate,"Ruta Avenida Juan B. Justo 511, Sexta Sección",Mendoza,Mendoza,Argentina,M5500,Urbana,+54 71 6592 5698,sucursal0285@bancolatam.com,08:30:00,17:00:00,True,4,True,8,0.0430399,-0.0169983,2018-03-27,Active
SUC-FXWYIOXF,S0286,Banco LATAM La Plata Centro,Main,"Boulevard Avenida Rivadavia 142, El Mondongo",La Plata,Buenos Aires,Argentina,B1900,Urbana,+54 51 7580 3692,sucursal0286@bancolatam.com,09:30:00,17:00:00,True,5,True,3,0.0320352,0.0282932,2015-10-10,Temporarily Closed
SUC-OJAQW0AJ,S0287,Banco LATAM La Plata 287,Express,"Pasaje Avenida Pueyrredón 412, Hernández",La Plata,Buenos Aires,Argentina,B1900,Urbana,+54 37 9919 8244,sucursal0287@bancolatam.com,09:00:00,19:00:00,True,8,True,6,0.0761949,-0.0831438,2014-02-09,Active
SUC-3JIR51SL,S0288,Banco LATAM Córdoba Plaza,Corporate,"Diagonal Calle Maipú 291, Urca",Córdoba,Córdoba,Argentina,X5000,Urbana,+54 75 2809 1982,sucursal0288@bancolatam.com,09:00:00,18:00:00,True,7,True,11,-31.4492053,-64.2792534,2019-03-15,Active
SUC-ZSZKWMJL,S0289,Banco LATAM La Plata Plaza,Express,"Camino Avenida Corrientes 465, Villa Elisa",La Plata,Buenos Aires,Argentina,B1900,Urbana,+54 84 3293 7187,sucursal0289@bancolatam.com,08:30:00,17:00:00,True,4,True,11,0.0164738,0.0645685,2006-03-17,Active
SUC-2VHGDILI,S0290,Banco LATAM Mendoza Plaza,Premium,"Ruta Avenida Pueyrredón 84, Primera Sección",Mendoza,Mendoza,Argentina,M5500,Urbana,+54 92 7937 8210,sucursal0290@bancolatam.com,09:30:00,19:00:00,True,8,True,5,-0.0711308,-0.0745752,2021-11-25,Active
SUC-7HQXDYLE,S0291,Banco LATAM La Plata Plaza,Premium,"Ruta Avenida Juan B. Justo 121, Parque Saavedra",La Plata,Buenos Aires,Argentina,B1900,Urbana,+54 16 9565 3511,sucursal0291@bancolatam.com,08:00:00,18:00:00,True,4,True,8,-0.039348,-0.0028149,1996-05-29,Active
SUC-7TH4CVFK,S0292,Banco LATAM Mendoza Plaza,Corporate,"Avenida Avenida Las Heras 911, Guaymallén",Mendoza,Mendoza,Argentina,M5500,Urbana,+54 71 3175 3269,sucursal0292@bancolatam.com,09:30:00,19:00:00,True,7,True,10,-0.0702035,0.0455728,1994-01-03,Active
SUC-C1OF9350,S0293,Banco LATAM Mendoza Centro,Premium,"Boulevard Avenida Rivadavia 922, Luján de Cuyo",Mendoza,Mendoza,Argentina,M5500,Urbana,+54 21 4152 9877,sucursal0293@bancolatam.com,08:00:00,20:00:00,True,6,True,6,0.0501117,0.0005278,1990-11-02,Active
SUC-7TUK3JBL,S0294,Banco LATAM La Plata Centro,Express,"Calle Avenida Corrientes 282, El Mondongo",La Plata,Buenos Aires,Argentina,B1900,Urbana,+54 34 7798 1394,sucursal0294@bancolatam.com,09:00:00,19:00:00,True,4,True,4,-0.0770711,-0.0801333,1997-07-18,Active
SUC-YO2Y6PA3,S0295,Banco LATAM Rosario 295,Corporate,"Ruta Avenida 9 de Julio 158, La Florida",Rosario,Santa Fe,Argentina,S2000,Urbana,+54 44 7152 2981,sucursal0295@bancolatam.com,08:00:00,17:30:00,True,3,True,12,-32.9269942,-60.6523041,2012-08-17,Active
SUC-EHE8V9YO,S0296,Banco LATAM Rosario Sur,Express,"Avenida Avenida del Libertador 476, Parque Independencia",Rosario,Santa Fe,Argentina,S2000,Urbana,+54 63 8306 2374,sucursal0296@bancolatam.com,08:30:00,17:30:00,True,4,True,11,-32.8471383,-60.5944953,2014-02-10,Temporarily Closed
SUC-GTAY0XHL,S0297,Banco LATAM La Plata Plaza,Corporate,"Boulevard Avenida Santa Fe 2, Villa Elvira",La Plata,Buenos Aires,Argentina,B1900,Urbana,+54 38 9361 5609,sucursal0297@bancolatam.com,08:00:00,17:30:00,True,7,True,11,0.0126163,-0.0398723,2007-09-25,Active
SUC-ISVYMZP9,S0298,Banco LATAM La Plata Plaza,Express,"Pasaje Avenida Pueyrredón 216, Altos de San Lorenzo",La Plata,Buenos Aires,Argentina,B1900,Urbana,+54 87 6381 1260,sucursal0298@bancolatam.com,08:30:00,17:00:00,True,6,True,10,-0.0991442,-0.0980843,1997-10-14,Active
SUC-SN21TOOC,S0299,Banco LATAM Mendoza Plaza,Express,"Ruta Avenida Belgrano 552, Primera Sección",Mendoza,Mendoza,Argentina,M5500,Urbana,+54 12 3044 8580,sucursal0299@bancolatam.com,09:00:00,17:30:00,True,5,True,3,-0.0556958,-0.0960437,2002-08-12,Active
SUC-7ZY1HPL0,S0300,Banco LATAM La Plata Centro,Corporate,"Camino Avenida Las Heras 828, Parque Saavedra",La Plata,Buenos Aires,Argentina,B1900,Urbana,+54 83 9197 9093,sucursal0300@bancolatam.com,08:30:00,20:00:00,True,3,True,12,0.0344351,0.0205945,1997-11-15,Active
SUC-UVQ9U0YO,S0301,Banco LATAM Buenos Aires 301,Main,"Calle Avenida Córdoba 956, Retiro",Buenos Aires,Ciudad Autónoma de Buenos Aires,Argentina,C1000,Urbana,+54 65 1849 6292,sucursal0301@bancolatam.com,09:30:00,19:00:00,True,4,True,4,-34.5676653,-58.3882827,2006-03-20,Active
SUC-JBECVTZ8,S0302,Banco LATAM Córdoba Centro,Corporate,"Avenida Avenida Córdoba 941, San Vicente",Córdoba,Córdoba,Argentina,X5000,Urbana,+54 36 3694 6394,sucursal0302@bancolatam.com,09:00:00,17:00:00,True,7,True,4,-31.5145254,-64.2024102,1991-01-29,Active
SUC-HYTTI82L,S0303,Banco LATAM Rosario Centro,Premium,"Ruta Avenida Córdoba 254, Fisherton",Rosario,Santa Fe,Argentina,S2000,Urbana,+54 85 3045 2401,sucursal0303@bancolatam.com,08:00:00,17:00:00,True,5,True,8,-32.8661833,-60.6122273,1995-09-21,Active
SUC-F321UEME,S0304,Banco LATAM Mendoza 304,Express,"Avenida Avenida Las Heras 626, Quinta Sección",Mendoza,Mendoza,Argentina,M5500,Urbana,+54 65 2659 6564,sucursal0304@bancolatam.com,08:00:00,19:00:00,True,6,True,8,0.0175627,-0.0783987,1990-07-21,Active
SUC-4ICHM641,S0305,Banco LATAM La Plata Plaza,Premium,"Ruta Avenida Callao 927, Altos de San Lorenzo",La Plata,Buenos Aires,Argentina,B1900,Urbana,+54 76 6861 6098,sucursal0305@bancolatam.com,08:30:00,17:30:00,True,5,True,7,0.0206659,-0.0417872,1990-05-13,Active
SUC-UUF77WSC,S0306,Banco LATAM Córdoba 306,Premium,"Avenida Avenida Rivadavia 520, General Paz",Córdoba,Córdoba,Argentina,X5000,Urbana,+54 53 6499 5909,sucursal0306@bancolatam.com,09:30:00,18:00:00,True,3,True,4,-31.4292396,-64.1309617,1991-11-23,Active
SUC-G7HRTTDE,S0307,Banco LATAM Buenos Aires Plaza,Main,"Camino Avenida Rivadavia 710, Núñez",Buenos Aires,Ciudad Autónoma de Buenos Aires,Argentina,C1000,Urbana,+54 56 1491 2887,sucursal0307@bancolatam.com,08:30:00,18:00:00,True,5,True,6,-34.5774331,-58.2990582,2006-02-22,Temporarily Closed
SUC-VPCJ60UW,S0308,Banco LATAM Córdoba Norte,Express,"Calle Avenida Las Heras 179, Urca",Córdoba,Córdoba,Argentina,X5000,Urbana,+54 25 6544 4444,sucursal0308@bancolatam.com,09:00:00,19:00:00,True,3,True,8,-31.3582024,-64.1566183,2013-08-21,Active
SUC-46JOBFMX,S0309,Banco LATAM Buenos Aires Plaza,Corporate,"Avenida Avenida Cabildo 904, Balvanera",Buenos Aires,Ciudad Autónoma de Buenos Aires,Argentina,C1000,Urbana,+54 52 5049 1872,sucursal0309@bancolatam.com,09:00:00,17:30:00,True,8,True,11,-34.5100231,-58.3044331,1999-05-22,Active
SUC-RNIHGBDP,S0310,Banco LATAM La Plata 310,Express,"Avenida Calle Florida 521, Gonnet",La Plata,Buenos Aires,Argentina,B1900,Urbana,+54 62 1599 4394,sucursal0310@bancolatam.com,08:30:00,17:30:00,True,5,True,6,-0.02082,-0.0388002,2006-12-01,Active
SUC-RAI81ICG,S0311,Banco LATAM Rosario 311,Express,"Pasaje Calle Maipú 87, Echesortu",Rosario,Santa Fe,Argentina,S2000,Urbana,+54 74 6194 5473,sucursal0311@bancolatam.com,09:30:00,17:00:00,True,3,True,10,-32.9974419,-60.621829,2006-02-09,Active
SUC-SX32177B,S0312,Banco LATAM La Plata Plaza,Express,"Diagonal Calle Maipú 660, La Loma",La Plata,Buenos Aires,Argentina,B1900,Urbana,+54 88 3258 9898,sucursal0312@bancolatam.com,09:00:00,17:00:00,True,8,True,7,-0.0436309,-0.0306735,2008-02-12,Active
SUC-YV8Q78LJ,S0313,Banco LATAM Buenos Aires 313,Express,"Boulevard Avenida Independencia 525, Colegiales",Buenos Aires,Ciudad Autónoma de Buenos Aires,Argentina,C1000,Urbana,+54 21 6129 4077,sucursal0313@bancolatam.com,09:30:00,19:00:00,True,3,True,10,-34.6137056,-58.3699106,2006-10-23,Active
SUC-TUCFOESJ,S0314,Banco LATAM Córdoba Centro,Premium,"Pasaje Calle Alsina 10, Güemes",Córdoba,Córdoba,Argentina,X5000,Urbana,+54 15 3279 3518,sucursal0314@bancolatam.com,09:00:00,20:00:00,True,7,True,12,-31.3373496,-64.1740243,2007-07-15,Active
SUC-HBYNA6O6,S0315,Banco LATAM Mendoza Centro,Express,"Avenida Calle Maipú 396, Las Heras",Mendoza,Mendoza,Argentina,M5500,Urbana,+54 19 7322 5650,sucursal0315@bancolatam.com,08:30:00,17:30:00,True,4,True,11,-0.0860041,-0.0885094,2013-04-05,Active
SUC-JH2YV47F,S0316,Banco LATAM Mendoza Oeste,Premium,"Boulevard Calle Florida 114, Godoy Cruz",Mendoza,Mendoza,Argentina,M5500,Urbana,+54 50 4325 9232,sucursal0316@bancolatam.com,09:30:00,18:00:00,True,3,True,3,0.098217,-0.0108537,2007-11-29,Active
SUC-GKQAVGPP,S0317,Banco LATAM La Plata 317,Premium,"Pasaje Avenida Figueroa Alcorta 901, Ringuelet",La Plata,Buenos Aires,Argentina,B1900,Urbana,+54 33 7800 5081,sucursal0317@bancolatam.com,08:30:00,20:00:00,True,7,True,9,-0.0084344,0.0821666,1998-03-25,Active
SUC-MAWPQ7HZ,S0318,Banco LATAM Buenos Aires Plaza,Main,"Calle Calle Florida 281, Balvanera",Buenos Aires,Ciudad Autónoma de Buenos Aires,Argentina,C1000,Urbana,+54 24 9264 6341,sucursal0318@bancolatam.com,09:30:00,19:00:00,True,3,True,7,-34.6622256,-58.472673,1991-03-14,Active
SUC-UE04XBQH,S0319,Banco LATAM Mendoza Centro,Express,"Boulevard Avenida del Libertador 764, Luján de Cuyo",Mendoza,Mendoza,Argentina,M5500,Urbana,+54 42 8171 3297,sucursal0319@bancolatam.com,09:30:00,18:00:00,True,8,True,5,-0.0658822,-0.0963868,1994-07-05,Active
SUC-O09F6PWJ,S0320,Banco LATAM La Plata Centro,Corporate,"Camino Avenida Belgrano 173, La Loma",La Plata,Buenos Aires,Argentina,B1900,Urbana,+54 77 2684 7399,sucursal0320@bancolatam.com,09:00:00,19:00:00,True,2,True,12,-0.0990669,0.0544819,1999-01-19,Active
SUC-10TO2Y3U,S0321,Banco LATAM Córdoba Sur,Main,"Calle Avenida 9 de Julio 17, San Vicente",Córdoba,Córdoba,Argentina,X5000,Urbana,+54 76 2764 6359,sucursal0321@bancolatam.com,09:00:00,20:00:00,True,7,True,6,-31.3951653,-64.1019345,2007-09-21,Active
SUC-0N077NAM,S0322,Banco LATAM Córdoba Centro,Corporate,"Avenida Calle Lavalle 332, Cerro de las Rosas",Córdoba,Córdoba,Argentina,X5000,Urbana,+54 63 5940 9185,sucursal0322@bancolatam.com,08:00:00,20:00:00,True,8,True,12,-31.4858082,-64.0969931,2016-11-28,Temporarily Closed
SUC-BMVBUHCL,S0323,Banco LATAM Mendoza 323,Express,"Camino Avenida Díaz Vélez 711, Godoy Cruz",Mendoza,Mendoza,Argentina,M5500,Urbana,+54 40 9248 1217,sucursal0323@bancolatam.com,08:30:00,17:00:00,True,6,True,4,-0.0382303,0.0475827,2000-12-04,Active
SUC-571XLYQB,S0324,Banco LATAM Córdoba Plaza,Premium,"Pasaje Calle Reconquista 304, Urca",Córdoba,Córdoba,Argentina,X5000,Urbana,+54 16 9533 7797,sucursal0324@bancolatam.com,09:00:00,17:00:00,True,3,True,8,-31.4515543,-64.2476365,1992-06-04,Active
SUC-6M2HY1ZX,S0325,Banco LATAM Córdoba Centro,Express,"Diagonal Avenida Belgrano 534, Alto Verde",Córdoba,Córdoba,Argentina,X5000,Urbana,+54 81 4348 4871,sucursal0325@bancolatam.com,08:00:00,19:00:00,True,7,True,10,-31.4578074,-64.1444652,2000-12-26,Active
SUC-Y7VHYCDG,S0326,Banco LATAM Córdoba 326,Corporate,"Pasaje Avenida Las Heras 591, Güemes",Córdoba,Córdoba,Argentina,X5000,Urbana,+54 72 1324 7249,sucursal0326@bancolatam.com,09:30:00,17:00:00,True,8,True,7,-31.4010633,-64.2582403,2022-08-06,Active
SUC-KHBP7W0V,S0327,Banco LATAM Mendoza 327,Express,"Pasaje Avenida Scalabrini Ortiz 291, Luján de Cuyo",Mendoza,Mendoza,Argentina,M5500,Urbana,+54 64 7465 7113,sucursal0327@bancolatam.com,09:30:00,19:00:00,True,4,True,12,-0.0857531,0.0769999,1995-08-02,Active
SUC-RRCPMD2D,S0328,Banco LATAM Córdoba Oeste,Express,"Calle Avenida Díaz Vélez 447, Jardín",Córdoba,Córdoba,Argentina,X5000,Urbana,+54 15 6921 1462,sucursal0328@bancolatam.com,08:30:00,18:00:00,True,6,True,10,-31.331247,-64.2593265,2001-02-05,Active
SUC-NXELWI6F,S0329,Banco LATAM Córdoba Plaza,Corporate,"Avenida Avenida Libertador 790, Centro",Córdoba,Córdoba,Argentina,X5000,Urbana,+54 75 9735 7271,sucursal0329@bancolatam.com,09:00:00,19:00:00,True,8,True,4,-31.4982452,-64.1742777,2005-06-13,Active
SUC-06H3RFFA,S0330,Banco LATAM Córdoba Oeste,Express,"Camino Avenida Belgrano 716, Jardín",Córdoba,Córdoba,Argentina,X5000,Urbana,+54 34 3200 4244,sucursal0330@bancolatam.com,09:30:00,17:30:00,True,6,True,4,-31.4299678,-64.1259259,1998-04-30,Active
SUC-ZVFW3M23,S0331,Banco LATAM Córdoba Plaza,Main,"Ruta Avenida Díaz Vélez 197, Jardín",Córdoba,Córdoba,Argentina,X5000,Urbana,+54 14 4846 8829,sucursal0331@bancolatam.com,09:30:00,17:00:00,True,2,True,3,-31.4668838,-64.0977573,2019-11-05,Active
SUC-0LZRXHCF,S0332,Banco LATAM Buenos Aires Plaza,Corporate,"Avenida Avenida Callao 535, Colegiales",Buenos Aires,Ciudad Autónoma de Buenos Aires,Argentina,C1000,Urbana,+54 41 6918 7528,sucursal0332@bancolatam.com,09:30:00,20:00:00,True,2,True,8,-34.5290845,-58.320346,1990-02-20,Active
SUC-4JYR8GOV,S0333,Banco LATAM Mendoza Oeste,Main,"Camino Avenida Cabildo 27, Bombal",Mendoza,Mendoza,Argentina,M5500,Urbana,+54 92 6278 1272,sucursal0333@bancolatam.com,09:00:00,17:00:00,True,8,True,8,0.0355859,-0.0532883,2011-09-26,Active
SUC-XHNP3DLP,S0334,Banco LATAM Buenos Aires Norte,Express,"Pasaje Avenida Pueyrredón 962, Balvanera",Buenos Aires,Ciudad Autónoma de Buenos Aires,Argentina,C1000,Urbana,+54 22 5937 9990,sucursal0334@bancolatam.com,09:30:00,17:30:00,True,5,True,4,-34.6072663,-58.3734664,2000-12-01,Active
SUC-5XWR79HW,S0335,Banco LATAM Buenos Aires Norte,Corporate,"Avenida Avenida Pueyrredón 733, Palermo",Buenos Aires,Ciudad Autónoma de Buenos Aires,Argentina,C1000,Urbana,+54 92 9060 2481,sucursal0335@bancolatam.com,09:00:00,17:30:00,True,6,True,12,-34.6907666,-58.4129548,2022-03-08,Active
SUC-8433QXQ4,S0336,Banco LATAM La Plata Este,Corporate,"Ruta Avenida Pueyrredón 828, Tolosa",La Plata,Buenos Aires,Argentina,B1900,Urbana,+54 59 1027 6092,sucursal0336@bancolatam.com,08:00:00,20:00:00,True,6,True,6,0.0694237,0.0959699,2004-05-04,Active
SUC-7EJG5XUH,S0337,Banco LATAM Córdoba Oeste,Premium,"Diagonal Calle Tucumán 617, Villa Belgrano",Córdoba,Córdoba,Argentina,X5000,Urbana,+54 29 1562 6245,sucursal0337@bancolatam.com,09:00:00,20:00:00,True,7,True,4,-31.4654095,-64.1192661,2015-09-30,Active
SUC-2T5PUX8Q,S0338,Banco LATAM Córdoba 338,Corporate,"Boulevard Avenida Las Heras 722, San Vicente",Córdoba,Córdoba,Argentina,X5000,Urbana,+54 49 3608 1353,sucursal0338@bancolatam.com,09:30:00,18:00:00,True,5,True,10,-31.3220371,-64.1372572,2007-07-18,Active
SUC-PJ3BSV1X,S0339,Banco LATAM Rosario 339,Corporate,"Pasaje Avenida Entre Ríos 946, Pichincha",Rosario,Santa Fe,Argentina,S2000,Urbana,+54 84 3253 8239,sucursal0339@bancolatam.com,09:30:00,18:00:00,True,3,True,6,-33.0005727,-60.6012235,2022-12-26,Active
SUC-5YFUX3Z6,S0340,Banco LATAM La Plata Centro,Corporate,"Avenida Calle Tucumán 805, Villa Elvira",La Plata,Buenos Aires,Argentina,B1900,Urbana,+54 94 6545 8107,sucursal0340@bancolatam.com,08:30:00,19:00:00,True,3,True,3,-0.0762395,-0.020671,2003-07-31,Temporarily Closed
SUC-NRVN9ND4,S0341,Banco LATAM Mendoza Centro,Express,"Ruta Avenida Entre Ríos 815, Quinta Sección",Mendoza,Mendoza,Argentina,M5500,Urbana,+54 96 9351 4685,sucursal0341@bancolatam.com,08:00:00,20:00:00,True,6,True,12,-0.0041003,0.0387452,1994-03-30,Active
SUC-K32WS6T0,S0342,Banco LATAM Mendoza Centro,Express,"Camino Avenida Entre Ríos 445, Guaymallén",Mendoza,Mendoza,Argentina,M5500,Urbana,+54 85 9830 3033,sucursal0342@bancolatam.com,08:30:00,17:00:00,True,3,True,12,0.0390432,-0.0989352,2010-01-23,Active
SUC-39R34AY6,S0343,Banco LATAM Córdoba Norte,Express,"Diagonal Avenida Callao 669, Cerro de las Rosas",Córdoba,Córdoba,Argentina,X5000,Urbana,+54 77 5807 9750,sucursal0343@bancolatam.com,09:30:00,17:30:00,True,6,True,10,-31.3810797,-64.1842667,2005-10-18,Active
SUC-115U74JL,S0344,Banco LATAM Córdoba Este,Corporate,"Camino Avenida Libertador 679, General Paz",Córdoba,Córdoba,Argentina,X5000,Urbana,+54 65 2218 5177,sucursal0344@bancolatam.com,09:00:00,19:00:00,True,7,True,5,-31.4400881,-64.2721492,2001-05-27,Active
SUC-QZP6DNTL,S0345,Banco LATAM Córdoba Oeste,Express,"Diagonal Avenida Callao 73, Providencia",Córdoba,Córdoba,Argentina,X5000,Urbana,+54 66 7208 1424,sucursal0345@bancolatam.com,08:30:00,17:00:00,True,4,True,4,-31.413806,-64.1520042,2008-03-31,Active
SUC-5S93Z8YS,S0346,Banco LATAM Buenos Aires Norte,Express,"Pasaje Avenida del Libertador 797, Caballito",Buenos Aires,Ciudad Autónoma de Buenos Aires,Argentina,C1000,Urbana,+54 50 9021 2565,sucursal0346@bancolatam.com,09:00:00,20:00:00,True,8,True,7,-34.5933916,-58.3601066,1992-02-25,Active
SUC-OSJVEL9O,S0347,Banco LATAM Mendoza Sur,Main,"Calle Calle Lavalle 826, Sexta Sección",Mendoza,Mendoza,Argentina,M5500,Urbana,+54 83 5380 1866,sucursal0347@bancolatam.com,09:00:00,17:30:00,True,7,True,12,-0.0163513,-0.0084427,2009-09-09,Active
SUC-IPX8M3BR,S0348,Banco LATAM La Plata Centro,Main,"Pasaje Avenida Córdoba 976, Gonnet",La Plata,Buenos Aires,Argentina,B1900,Urbana,+54 41 2534 3705,sucursal0348@bancolatam.com,08:00:00,17:00:00,True,7,True,7,0.010832,-0.0014299,1990-06-25,Active
SUC-ZVPEMWQP,S0349,Banco LATAM Córdoba Este,Corporate,"Boulevard Calle Reconquista 528, Providencia",Córdoba,Córdoba,Argentina,X5000,Urbana,+54 95 9652 1693,sucursal0349@bancolatam.com,09:30:00,17:30:00,True,7,True,11,-31.3393403,-64.2538372,2006-06-19,Active
SUC-D4W8JR4A,S0350,Banco LATAM Buenos Aires Plaza,Express,"Boulevard Calle Reconquista 389, Belgrano",Buenos Aires,Ciudad Autónoma de Buenos Aires,Argentina,C1000,Urbana,+54 91 7449 4562,sucursal0350@bancolatam.com,09:00:00,20:00:00,True,8,True,3,-34.5166171,-58.3031012,2011-11-26,Active
